,,,,,,,,,,,,,,,
,,,,,,,,,,,,,,,
,,,,,,,,,,,,,,,
,,,,,,,,,,,,,,,
,,,,,,,,,,,,,,,
,,,,,,,,,,,,,,,
,,,,,,,,,,,,,,,
,,,,,,,,,,,,,,,
,,,,,,,,,,,,,,,
,,,,,,,,,,,,,,,
,,,,,,,,,,,,,,,
,,,,,,,,,,,,,,,
,,,,,,,,,,,,,,,
,,,,,,,,,,,,,,,
,,,,,,,,,,,,,,,
,,,,,,,,,,,,,,,
,,,,,,,,,,,,,,,
,,,,,,,,,,,,,,,
,,,,,,,,,,,,,,,
,,,,,,,,,,,,,,,
,,,,,,,,,,,,,,,
,,,,,,,,,,,,,,,
,,,,,,,,,,,,,,,
,,,,,,,,,,,,,,,
,,,,,,,,,,,,,,,
,,,,,,,,,,,,,,,
,,,,,,,,,,,,,,,
,,,,,,,,,,,,,,,
,,,,,,,,,,,,,,,
,,,,,,,,,,,,,,,
,,,,,,,,,,,,,,,
,,,,,,,,,,,,,,,
,,,,,,,,,,,,,,,
,,,,,,,,,,,,,,,
,,,,,,,,,,,,,,,
,,,,,,,,,,,,,,,
,,,,,,,,,,,,,,,
,,,,,,,,,,,,,,,
,,,,,,,,,,,,,,,
,,,,,,,,,,,,,,,
,,,,,,,,,,,,,,,
,,,,,,,,,,,,,,,
,,,,,,,,,,,,,,,
,,,,,,,,,,,,,,,
,,,,,,,,,,,,,,,
,,,,,,,,,,,,,,,
,,,,,,,,,,,,,,,
,,,,,,,,,,,,,,,
,,,,,,,,,,,,,,,
,,,,,,,,,,,,,,,
,,,,,,,,,,,,,,,
,,,,,,,,,,,,,,,
,,,,,,,,,,,,,,,
,,,,,,,,,,,,,,,
,,,,,,,,,,,,,,,
,,,,,,,,,,,,,,,
,,,,,,,,,,,,,,,
,,,,,,,,,,,,,,,
,,,,,,,,,,,,,,,
,,,,,,,,,,,,,,,
,,,,,,,,,,,,,,,
,,,,,,,,,,,,,,,
,,,,,,,,,,,,,,,
,,,,,,,,,,,,,,,
,,,,,,,,,,,,,,,
,,,,,,,,,,,,,,,
,,,,,,,,,,,,,,,
,,,,,,,,,,,,,,,
,,,,,,,,,,,,,,,
,,,,,,,,,,,,,,,
,,,,,,,,,,,,,,,
,,,,,,,,,,,,,,,
,,,,,,,,,,,,,,,
,,,,,,,,,,,,,,,
,,,,,,,,,,,,,,,
,,,,,,,,,,,,,,,
,,,,,,,,,,,,,,,
,,,,,,,,,,,,,,,
,,,,,,,,,,,,,,,
,,,,,,,,,,,,,,,
,,,,,,,,,,,,,,,
,,,,,,,,,,,,,,,
,,,,,,,,,,,,,,,
,,,,,,,,,,,,,,,
,,,,,,,,,,,,,,,
,,,,,,,,,,,,,,,
,,,,,,,,,,,,,,,
,,,,,,,,,,,,,,,
,,,,,,,,,,,,,,,
,,,,,,,,,,,,,,,
,,,,,,,,,,,,,,,
,,,,,,,,,,,,,,,
,,,,,,,,,,,,,,,
,,,,,,,,,,,,,,,
,,,,,,,,,,,,,,,
,,,,,,,,,,,,,,,
,,,,,,,,,,,,,,,
,,,,,,,,,,,,,,,
,,,,,,,,,,,,,,,
,,,,,,,,,,,,,,,
,,,,,,,,,,,,,,,
,,,,,,,,,,,,,,,
,,,,,,,,,,,,,,,
,,,,,,,,,,,,,,,
,,,,,,,,,,,,,,,
,,,,,,,,,,,,,,,
,,,,,,,,,,,,,,,
,,,,,,,,,,,,,,,
,,,,,,,,,,,,,,,
,,,,,,,,,,,,,,,
,,,,,,,,,,,,,,,
,,,,,,,,,,,,,,,
,,,,,,,,,,,,,,,
,,,,,,,,,,,,,,,
,,,,,,,,,,,,,,,
,,,,,,,,,,,,,,,
,,,,,,,,,,,,,,,
,,,,,,,,,,,,,,,
,,,,,,,,,,,,,,,
,,,,,,,,,,,,,,,
,,,,,,,,,,,,,,,
,,,,,,,,,,,,,,,
,,,,,,,,,,,,,,,
,,,,,,,,,,,,,,,
,,,,,,,,,,,,,,,
,,,,,,,,,,,,,,,
,,,,,,,,,,,,,,,
,,,,,,,,,,,,,,,
,,,,,,,,,,,,,,,
,,,,,,,,,,,,,,,
,,,,,,,,,,,,,,,
,,,,,,,,,,,,,,,
,,,,,,,,,,,,,,,
,,,,,,,,,,,,,,,
,,,,,,,,,,,,,,,
,,,,,,,,,,,,,,,
,,,,,,,,,,,,,,,
,,,,,,,,,,,,,,,
,,,,,,,,,,,,,,,
,,,,,,,,,,,,,,,
,,,,,,,,,,,,,,,
,,,,,,,,,,,,,,,
,,,,,,,,,,,,,,,
,,,,,,,,,,,,,,,
,,,,,,,,,,,,,,,
,,,,,,,,,,,,,,,
,,,,,,,,,,,,,,,
,,,,,,,,,,,,,,,
,,,,,,,,,,,,,,,
,,,,,,,,,,,,,,,
,,,,,,,,,,,,,,,
,,,,,,,,,,,,,,,
,,,,,,,,,,,,,,,
,,,,,,,,,,,,,,,
,,,,,,,,,,,,,,,
,,,,,,,,,,,,,,,
,,,,,,,,,,,,,,,
,,,,,,,,,,,,,,,
,,,,,,,,,,,,,,,
,,,,,,,,,,,,,,,
,,,,,,,,,,,,,,,
,,,,,,,,,,,,,,,
,,,,,,,,,,,,,,,
,,,,,,,,,,,,,,,
,,,,,,,,,,,,,,,
,,,,,,,,,,,,,,,
,,,,,,,,,,,,,,,
,,,,,,,,,,,,,,,
,,,,,,,,,,,,,,,
,,,,,,,,,,,,,,,
,,,,,,,,,,,,,,,
,,,,,,,,,,,,,,,
,,,,,,,,,,,,,,,
,,,,,,,,,,,,,,,
,,,,,,,,,,,,,,,
,,,,,,,,,,,,,,,
,,,,,,,,,,,,,,,
,,,,,,,,,,,,,,,
,,,,,,,,,,,,,,,
,,,,,,,,,,,,,,,
,,,,,,,,,,,,,,,
,,,,,,,,,,,,,,,
,,,,,,,,,,,,,,,
,,,,,,,,,,,,,,,
,,,,,,,,,,,,,,,
,,,,,,,,,,,,,,,
,,,,,,,,,,,,,,,
,,,,,,,,,,,,,,,
,,,,,,,,,,,,,,,
,,,,,,,,,,,,,,,
,,,,,,,,,,,,,,,
,,,,,,,,,,,,,,,
,,,,,,,,,,,,,,,
,,,,,,,,,,,,,,,
,,,,,,,,,,,,,,,
,,,,,,,,,,,,,,,
,,,,,,,,,,,,,,,
,,,,,,,,,,,,,,,
,,,,,,,,,,,,,,,
,,,,,,,,,,,,,,,
,,,,,,,,,,,,,,,
,,,,,,,,,,,,,,,
,,,,,,,,,,,,,,,
,,,,,,,,,,,,,,,
,,,,,,,,,,,,,,,
,,,,,,,,,,,,,,,
,,,,,,,,,,,,,,,
,,,,,,,,,,,,,,,
,,,,,,,,,,,,,,,
,,,,,,,,,,,,,,,
,,,,,,,,,,,,,,,
,,,,,,,,,,,,,,,
,,,,,,,,,,,,,,,
,,,,,,,,,,,,,,,
,,,,,,,,,,,,,,,
,,,,,,,,,,,,,,,
,,,,,,,,,,,,,,,
,,,,,,,,,,,,,,,
,,,,,,,,,,,,,,,
,,,,,,,,,,,,,,,
,,,,,,,,,,,,,,,
,,,,,,,,,,,,,,,
,,,,,,,,,,,,,,,
,,,,,,,,,,,,,,,
,,,,,,,,,,,,,,,
,,,,,,,,,,,,,,,
,,,,,,,,,,,,,,,
,,,,,,,,,,,,,,,
,,,,,,,,,,,,,,,
,,,,,,,,,,,,,,,
,,,,,,,,,,,,,,,
,,,,,,,,,,,,,,,
,,,,,,,,,,,,,,,
,,,,,,,,,,,,,,,
,,,,,,,,,,,,,,,
,,,,,,,,,,,,,,,
,,,,,,,,,,,,,,,
,,,,,,,,,,,,,,,
,,,,,,,,,,,,,,,
,,,,,,,,,,,,,,,
,,,,,,,,,,,,,,,
,,,,,,,,,,,,,,,
,,,,,,,,,,,,,,,
,,,,,,,,,,,,,,,
,,,,,,,,,,,,,,,
,,,,,,,,,,,,,,,
,,,,,,,,,,,,,,,
,,,,,,,,,,,,,,,
,,,,,,,,,,,,,,,
,,,,,,,,,,,,,,,
,,,,,,,,,,,,,,,
,,,,,,,,,,,,,,,
,,,,,,,,,,,,,,,
,,,,,,,,,,,,,,,
,,,,,,,,,,,,,,,
,,,,,,,,,,,,,,,
,,,,,,,,,,,,,,,
,,,,,,,,,,,,,,,
,,,,,,,,,,,,,,,
,,,,,,,,,,,,,,,
,,,,,,,,,,,,,,,
,,,,,,,,,,,,,,,
,,,,,,,,,,,,,,,
,,,,,,,,,,,,,,,
,,,,,,,,,,,,,,,
,,,,,,,,,,,,,,,
,,,,,,,,,,,,,,,
,,,,,,,,,,,,,,,
,,,,,,,,,,,,,,,
,,,,,,,,,,,,,,,
,,,,,,,,,,,,,,,
,,,,,,,,,,,,,,,
,,,,,,,,,,,,,,,
,,,,,,,,,,,,,,,
,,,,,,,,,,,,,,,
,,,,,,,,,,,,,,,
,,,,,,,,,,,,,,,
,,,,,,,,,,,,,,,
,,,,,,,,,,,,,,,
,,,,,,,,,,,,,,,
,,,,,,,,,,,,,,,
,,,,,,,,,,,,,,,
,,,,,,,,,,,,,,,
,,,,,,,,,,,,,,,
,,,,,,,,,,,,,,,
,,,,,,,,,,,,,,,
,,,,,,,,,,,,,,,
,,,,,,,,,,,,,,,
,,,,,,,,,,,,,,,
,,,,,,,,,,,,,,,
,,,,,,,,,,,,,,,
,,,,,,,,,,,,,,,
,,,,,,,,,,,,,,,
,,,,,,,,,,,,,,,
,,,,,,,,,,,,,,,
,,,,,,,,,,,,,,,
,,,,,,,,,,,,,,,
,,,,,,,,,,,,,,,
,,,,,,,,,,,,,,,
,,,,,,,,,,,,,,,
,,,,,,,,,,,,,,,
,,,,,,,,,,,,,,,
,,,,,,,,,,,,,,,
,,,,,,,,,,,,,,,
,,,,,,,,,,,,,,,
,,,,,,,,,,,,,,,
,,,,,,,,,,,,,,,
,,,,,,,,,,,,,,,
,,,,,,,,,,,,,,,
,,,,,,,,,,,,,,,
,,,,,,,,,,,,,,,
,,,,,,,,,,,,,,,
,,,,,,,,,,,,,,,
,,,,,,,,,,,,,,,
,,,,,,,,,,,,,,,
,,,,,,,,,,,,,,,
,,,,,,,,,,,,,,,
,,,,,,,,,,,,,,,
,,,,,,,,,,,,,,,
,,,,,,,,,,,,,,,
,,,,,,,,,,,,,,,
,,,,,,,,,,,,,,,
,,,,,,,,,,,,,,,
,,,,,,,,,,,,,,,
,,,,,,,,,,,,,,,
,,,,,,,,,,,,,,,
,,,,,,,,,,,,,,,
,,,,,,,,,,,,,,,
,,,,,,,,,,,,,,,
,,,,,,,,,,,,,,,
,,,,,,,,,,,,,,,
,,,,,,,,,,,,,,,
,,,,,,,,,,,,,,,
,,,,,,,,,,,,,,,
,,,,,,,,,,,,,,,
,,,,,,,,,,,,,,,
,,,,,,,,,,,,,,,
,,,,,,,,,,,,,,,
,,,,,,,,,,,,,,,
,,,,,,,,,,,,,,,
,,,,,,,,,,,,,,,
,,,,,,,,,,,,,,,
,,,,,,,,,,,,,,,
,,,,,,,,,,,,,,,
,,,,,,,,,,,,,,,
,,,,,,,,,,,,,,,
,,,,,,,,,,,,,,,
,,,,,,,,,,,,,,,
,,,,,,,,,,,,,,,
,,,,,,,,,,,,,,,
,,,,,,,,,,,,,,,
,,,,,,,,,,,,,,,
,,,,,,,,,,,,,,,
,,,,,,,,,,,,,,,
,,,,,,,,,,,,,,,
,,,,,,,,,,,,,,,
,,,,,,,,,,,,,,,
,,,,,,,,,,,,,,,
,,,,,,,,,,,,,,,
,,,,,,,,,,,,,,,
,,,,,,,,,,,,,,,
,,,,,,,,,,,,,,,
,,,,,,,,,,,,,,,
,,,,,,,,,,,,,,,
,,,,,,,,,,,,,,,
,,,,,,,,,,,,,,,
,,,,,,,,,,,,,,,
,,,,,,,,,,,,,,,
,,,,,,,,,,,,,,,
,,,,,,,,,,,,,,,
,,,,,,,,,,,,,,,
,,,,,,,,,,,,,,,
,,,,,,,,,,,,,,,
,,,,,,,,,,,,,,,
,,,,,,,,,,,,,,,
,,,,,,,,,,,,,,,
,,,,,,,,,,,,,,,
,,,,,,,,,,,,,,,
,,,,,,,,,,,,,,,
,,,,,,,,,,,,,,,
,,,,,,,,,,,,,,,
,,,,,,,,,,,,,,,
,,,,,,,,,,,,,,,
,,,,,,,,,,,,,,,
,,,,,,,,,,,,,,,
,,,,,,,,,,,,,,,
,,,,,,,,,,,,,,,
,,,,,,,,,,,,,,,
,,,,,,,,,,,,,,,
,,,,,,,,,,,,,,,
,,,,,,,,,,,,,,,
,,,,,,,,,,,,,,,
,,,,,,,,,,,,,,,
,,,,,,,,,,,,,,,
,,,,,,,,,,,,,,,
,,,,,,,,,,,,,,,
,,,,,,,,,,,,,,,
,,,,,,,,,,,,,,,
,,,,,,,,,,,,,,,
,,,,,,,,,,,,,,,
,,,,,,,,,,,,,,,
,,,,,,,,,,,,,,,
,,,,,,,,,,,,,,,
,,,,,,,,,,,,,,,
,,,,,,,,,,,,,,,
,,,,,,,,,,,,,,,
,,,,,,,,,,,,,,,
,,,,,,,,,,,,,,,
,,,,,,,,,,,,,,,
,,,,,,,,,,,,,,,
,,,,,,,,,,,,,,,
,,,,,,,,,,,,,,,
,,,,,,,,,,,,,,,
,,,,,,,,,,,,,,,
,,,,,,,,,,,,,,,
,,,,,,,,,,,,,,,
,,,,,,,,,,,,,,,
,,,,,,,,,,,,,,,
,,,,,,,,,,,,,,,
,,,,,,,,,,,,,,,
,,,,,,,,,,,,,,,
,,,,,,,,,,,,,,,
,,,,,,,,,,,,,,,
,,,,,,,,,,,,,,,
,,,,,,,,,,,,,,,
,,,,,,,,,,,,,,,
,,,,,,,,,,,,,,,
,,,,,,,,,,,,,,,
,,,,,,,,,,,,,,,
,,,,,,,,,,,,,,,
,,,,,,,,,,,,,,,
,,,,,,,,,,,,,,,
,,,,,,,,,,,,,,,
,,,,,,,,,,,,,,,
,,,,,,,,,,,,,,,
,,,,,,,,,,,,,,,
,,,,,,,,,,,,,,,
,,,,,,,,,,,,,,,
,,,,,,,,,,,,,,,
,,,,,,,,,,,,,,,
,,,,,,,,,,,,,,,
,,,,,,,,,,,,,,,
,,,,,,,,,,,,,,,
,,,,,,,,,,,,,,,
,,,,,,,,,,,,,,,
,,,,,,,,,,,,,,,
,,,,,,,,,,,,,,,
,,,,,,,,,,,,,,,
,,,,,,,,,,,,,,,
,,,,,,,,,,,,,,,
,,,,,,,,,,,,,,,
,,,,,,,,,,,,,,,
,,,,,,,,,,,,,,,
,,,,,,,,,,,,,,,
,,,,,,,,,,,,,,,
,,,,,,,,,,,,,,,
,,,,,,,,,,,,,,,
,,,,,,,,,,,,,,,
,,,,,,,,,,,,,,,
,,,,,,,,,,,,,,,
,,,,,,,,,,,,,,,
,,,,,,,,,,,,,,,
,,,,,,,,,,,,,,,
,,,,,,,,,,,,,,,
,,,,,,,,,,,,,,,
,,,,,,,,,,,,,,,
,,,,,,,,,,,,,,,
,,,,,,,,,,,,,,,
,,,,,,,,,,,,,,,
,,,,,,,,,,,,,,,
,,,,,,,,,,,,,,,
,,,,,,,,,,,,,,,
,,,,,,,,,,,,,,,
,,,,,,,,,,,,,,,
,,,,,,,,,,,,,,,
,,,,,,,,,,,,,,,
,,,,,,,,,,,,,,,
,,,,,,,,,,,,,,,
,,,,,,,,,,,,,,,
,,,,,,,,,,,,,,,
,,,,,,,,,,,,,,,
,,,,,,,,,,,,,,,
,,,,,,,,,,,,,,,
,,,,,,,,,,,,,,,
,,,,,,,,,,,,,,,
,,,,,,,,,,,,,,,
,,,,,,,,,,,,,,,
,,,,,,,,,,,,,,,
,,,,,,,,,,,,,,,
,,,,,,,,,,,,,,,
,,,,,,,,,,,,,,,
,,,,,,,,,,,,,,,
,,,,,,,,,,,,,,,
,,,,,,,,,,,,,,,
,,,,,,,,,,,,,,,
,,,,,,,,,,,,,,,
,,,,,,,,,,,,,,,
,,,,,,,,,,,,,,,
,,,,,,,,,,,,,,,
,,,,,,,,,,,,,,,
,,,,,,,,,,,,,,,
,,,,,,,,,,,,,,,
,,,,,,,,,,,,,,,
,,,,,,,,,,,,,,,
,,,,,,,,,,,,,,,
,,,,,,,,,,,,,,,
,,,,,,,,,,,,,,,
,,,,,,,,,,,,,,,
,,,,,,,,,,,,,,,
,,,,,,,,,,,,,,,
,,,,,,,,,,,,,,,
,,,,,,,,,,,,,,,
,,,,,,,,,,,,,,,
,,,,,,,,,,,,,,,
,,,,,,,,,,,,,,,
,,,,,,,,,,,,,,,
,,,,,,,,,,,,,,,
,,,,,,,,,,,,,,,
,,,,,,,,,,,,,,,
,,,,,,,,,,,,,,,
,,,,,,,,,,,,,,,
,,,,,,,,,,,,,,,
,,,,,,,,,,,,,,,
,,,,,,,,,,,,,,,
,,,,,,,,,,,,,,,
5.304504871368408,0.0,0.0,0.0,0.0,-1.7686997652053833,0.6466028690338135,1.0,0.30000001192092896,-1.0,1733474892.5885177,0.177806891664273,-0.10378464455915126,-0.21576626530934007,0.7124335169792175,-0.25164341926574707
5.324180603027344,0.0,0.0,0.0,0.0,-1.817248821258545,0.6656602025032043,1.0,0.30000001192092896,-1.0,1733474892.5981383,0.1935948066541032,-0.11758533223144947,-0.2208898474916933,0.7124335169792175,-0.25164341926574707
5.324180603027344,0.0,0.0,0.0,0.0,-1.817248821258545,0.6656602025032043,1.0,0.30000001192092896,-1.0,1733474892.6081922,0.199809670163726,-0.11783453606547342,-0.2414544582898585,0.7149144411087036,-0.2401629239320755
5.3344550132751465,0.0,0.0,0.0,0.0,-1.8135355710983276,0.6722785830497742,1.0,0.30000001192092896,-1.0,1733474892.6185305,0.2118135240746773,-0.10475985816246638,-0.2636265953940166,0.7429825067520142,-0.2600988745689392
5.345309734344482,0.0,0.0,0.0,0.0,-1.816096305847168,0.6954717040061951,1.0,0.30000001192092896,-1.0,1733474892.6281989,0.22407321139916309,-0.1112495697224741,-0.29494992603244996,0.7429825067520142,-0.2600988745689392
5.354291915893555,0.0,0.0,0.0,0.0,-1.8432762622833252,0.710361897945404,1.0,0.30000001192092896,-1.0,1733474892.6384318,0.20937728079741275,-0.11666591979459792,-0.303361484951864,0.75565105676651,-0.2617540955543518
5.364657402038574,0.0,0.0,0.0,0.0,-1.8792649507522583,0.7222046256065369,1.0,0.30000001192092896,-1.0,1733474892.6482544,0.2403759442521814,-0.11901193155217347,-0.3272008706304764,0.7594382762908936,-0.25631484389305115
5.374456405639648,0.0,0.0,0.0,0.0,-1.8996762037277222,0.7422232031822205,1.0,0.30000001192092896,-1.0,1733474892.6581273,0.25350047922151275,-0.11718538281416682,-0.35214076800434607,0.7749611735343933,-0.2572568953037262
5.384224891662598,0.0,0.0,0.0,0.0,-1.908826231956482,0.7274855971336365,1.0,0.30000001192092896,-1.0,1733474892.6682754,0.24735730209454626,-0.13859721358743296,-0.37667290345123644,0.7730921506881714,-0.25607335567474365
5.394333839416504,0.0,0.0,0.0,0.0,-1.9400259256362915,0.7377929091453552,1.0,0.30000001192092896,-1.0,1733474892.678234,0.24767263152550711,-0.14329565429213337,-0.40280411905228797,0.7937735915184021,-0.26995453238487244
5.415257453918457,0.0,0.0,0.0,0.0,-1.9872995615005493,0.7503955960273743,1.0,0.30000001192092896,-1.0,1733474892.6884172,0.25449768924066196,-0.140704405132411,-0.4222758874938697,0.7933907508850098,-0.26383736729621887
5.415257453918457,0.0,0.0,0.0,0.0,-1.9872995615005493,0.7503955960273743,1.0,0.30000001192092896,-1.0,1733474892.698148,0.2669400540037083,-0.14792786822679407,-0.4480495743386574,0.79584139585495,-0.26090800762176514
5.424231052398682,0.0,0.0,0.0,0.0,-1.973726511001587,0.7763403654098511,1.0,0.30000001192092896,-1.0,1733474892.708526,0.2661732456643147,-0.1469274565637329,-0.4691234301482454,0.8204813003540039,-0.26415151357650757
5.444859504699707,0.0,0.0,0.0,0.0,-2.029456615447998,0.8123250603675842,1.0,0.30000001192092896,-1.0,1733474892.7183285,0.2768977268793128,-0.15601508541428608,-0.5055891104700979,0.8296719193458557,-0.279934823513031
5.444859504699707,0.0,0.0,0.0,0.0,-2.029456615447998,0.8123250603675842,1.0,0.30000001192092896,-1.0,1733474892.7281249,0.280778865887394,-0.17099158583815088,-0.5123031018019206,0.8296719193458557,-0.279934823513031
5.454166889190674,0.0,0.0,0.0,0.0,-2.0493006706237793,0.8239953517913818,1.0,0.30000001192092896,-1.0,1733474892.7383018,0.31594930481608496,-0.185673213660805,-0.5301548107711385,0.8583657741546631,-0.27154800295829773
5.464919090270996,0.0,0.0,0.0,0.0,-2.0544345378875732,0.8153225183486938,1.0,0.30000001192092896,-1.0,1733474892.7484918,0.29731359978652205,-0.18163764555315215,-0.5702910557445545,0.8583657741546631,-0.27993112802505493
5.485810279846191,0.0,0.0,0.0,0.0,-2.118161916732788,0.8446958065032959,1.0,0.30000001192092896,-1.0,1733474892.7583218,0.3089710719086929,-0.18254314712460634,-0.573060210232226,0.8505998849868774,-0.2797029912471771
5.485810279846191,0.0,0.0,0.0,0.0,-2.118161916732788,0.8446958065032959,1.0,0.30000001192092896,-1.0,1733474892.76814,0.3238457282211942,-0.18300892050141615,-0.5866205317099976,0.8647419214248657,-0.2730347216129303
5.4941725730896,0.0,0.0,0.0,0.0,-2.122924566268921,0.8475208878517151,1.0,0.30000001192092896,-1.0,1733474892.7782369,0.3173755538421099,-0.2026016768828321,-0.6515741241803071,0.8704735040664673,-0.2782904803752899
5.504328727722168,0.0,0.0,0.0,0.0,-2.164928674697876,0.8619972467422485,1.0,0.30000001192092896,-1.0,1733474892.7884185,0.33340152491271735,-0.20558042219242828,-0.6518633477452644,0.8915327191352844,-0.2837713360786438
5.514753341674805,0.0,0.0,0.0,0.0,-2.1616709232330322,0.8512536883354187,1.0,0.30000001192092896,-1.0,1733474892.7981737,0.3517478084287881,-0.21428503330293228,-0.6937912052486057,0.8915327191352844,-0.2924154996871948
5.524179935455322,0.0,0.0,0.0,0.0,-2.160336494445801,0.8835586309432983,1.0,0.30000001192092896,-1.0,1733474892.80848,0.35061739451824697,-0.21056774566365405,-0.6979232348269236,0.8988085985183716,-0.2781498432159424
5.534905910491943,0.0,0.0,0.0,0.0,-2.1853883266448975,0.8757062554359436,1.0,0.30000001192092896,-1.0,1733474892.8183532,0.35350554536615714,-0.21967752690168155,-0.7540018920455501,0.9157251715660095,-0.2781498432159424
5.54484748840332,0.0,0.0,0.0,0.0,-2.2110211849212646,0.8711445331573486,1.0,0.30000001192092896,-1.0,1733474892.8283176,0.36904030948653516,-0.2359280062457356,-0.7769601928284626,0.9207603931427002,-0.2796054482460022
5.554409980773926,0.0,0.0,0.0,0.0,-2.2255022525787354,0.8774898052215576,1.0,0.30000001192092896,-1.0,1733474892.8384614,0.3698175644323863,-0.24488565394475617,-0.8004179662642227,0.9255213141441345,-0.2921271026134491
5.574583530426025,0.0,0.0,0.0,0.0,-2.288663148880005,0.8926631212234497,1.0,0.30000001192092896,-1.0,1733474892.8483248,0.3820350093836046,-0.23362363271654613,-0.811265617648124,0.9426904916763306,-0.28976231813430786
5.574583530426025,0.0,0.0,0.0,0.0,-2.288663148880005,0.8926631212234497,1.0,0.30000001192092896,-1.0,1733474892.858124,0.3798139340989147,-0.24514765223997897,-0.8123592680663071,0.9426904916763306,-0.28976231813430786
5.584226131439209,0.0,0.0,0.0,0.0,-2.274489641189575,0.9197202324867249,1.0,0.30000001192092896,-1.0,1733474892.8683228,0.4021972140272241,-0.2740515607309467,-0.8319146332840444,0.9560673236846924,-0.2990262508392334
5.6042304039001465,0.0,0.0,0.0,0.0,-2.301923990249634,0.9303714632987976,1.0,0.30000001192092896,-1.0,1733474892.8781562,0.40055522438934404,-0.25977078924012464,-0.9011928764722565,0.9736248850822449,-0.2991204559803009
5.6042304039001465,0.0,0.0,0.0,0.0,-2.301923990249634,0.9303714632987976,1.0,0.30000001192092896,-1.0,1733474892.8882487,0.4195096858343838,-0.2835758580870573,-0.889759925357888,0.9736248850822449,-0.2991204559803009
5.614589214324951,0.0,0.0,0.0,0.0,-2.325880289077759,0.9380652904510498,1.0,0.30000001192092896,-1.0,1733474892.8981726,0.40954328604497503,-0.28615016291456874,-0.9547052271729558,0.9794845581054688,-0.30815571546554565
5.63468599319458,0.0,0.0,0.0,0.0,-2.3596553802490234,0.9473523497581482,1.0,0.30000001192092896,-1.0,1733474892.908284,0.4185573100151294,-0.30234044045933345,-0.9450634954379685,0.9869897961616516,-0.3048020005226135
5.644923686981201,0.0,0.0,0.0,0.0,-2.3768582344055176,0.9405250549316406,1.0,0.30000001192092896,-1.0,1733474892.9184191,0.41977499336986773,-0.31071951393029884,-0.9966440222960682,0.9844053983688354,-0.3009871244430542
5.654391765594482,0.0,0.0,0.0,0.0,-2.4010589122772217,0.9478983879089355,1.0,0.30000001192092896,-1.0,1733474892.9283476,0.4188241919100999,-0.310427192465433,-1.0203744436400093,1.004218339920044,-0.30626675486564636
5.6650166511535645,0.0,0.0,0.0,0.0,-2.4116084575653076,0.9585683345794678,1.0,0.30000001192092896,-1.0,1733474892.93837,0.44589236764495227,-0.3339910460407771,-1.0785467269370332,1.004218339920044,-0.31033045053482056
5.6650166511535645,0.0,0.0,0.0,0.0,-2.4116084575653076,0.9585683345794678,1.0,0.30000001192092896,-1.0,1733474892.9482136,0.446928689327289,-0.3499937675356979,-1.0745645156809516,1.0115057229995728,-0.30821412801742554
5.674300193786621,0.0,0.0,0.0,0.0,-2.4591851234436035,0.9842003583908081,1.0,0.30000001192092896,-1.0,1733474892.9581645,0.4379182116041298,-0.3391495147556426,-1.0686192429700254,1.0216330289840698,-0.31326431035995483
5.684237003326416,0.0,0.0,0.0,0.0,-2.46028470993042,0.9926270246505737,1.0,0.30000001192092896,-1.0,1733474892.9682963,0.45775051518841925,-0.3568011522742189,-1.1431949254773675,1.02908456325531,-0.31326431035995483
5.704283714294434,0.0,0.0,0.0,0.0,-2.497600555419922,1.0055755376815796,1.0,0.30000001192092896,-1.0,1733474892.9782248,0.46381937789880967,-0.37931523341893314,-1.1220729613162868,1.0291341543197632,-0.3105570673942566
5.714711666107178,0.0,0.0,0.0,0.0,-2.520996570587158,0.9952067732810974,1.0,0.30000001192092896,-1.0,1733474892.9885256,0.45576227757491594,-0.37889221102150344,-1.1916829215493374,1.0451651811599731,-0.31979450583457947
5.724661350250244,0.0,0.0,0.0,0.0,-2.533144235610962,1.0158488750457764,1.0,0.30000001192092896,-1.0,1733474892.9982963,0.45307475100641587,-0.37574945625711365,-1.1768044978188283,1.0677440166473389,-0.3091302514076233
5.724661350250244,0.0,0.0,0.0,0.0,-2.533144235610962,1.0158488750457764,1.0,0.30000001192092896,-1.0,1733474893.008237,0.4785118763735348,-0.39299299287317246,-1.2414860712653872,1.0677440166473389,-0.3091302514076233
5.734544277191162,0.0,0.0,0.0,0.0,-2.5273184776306152,1.0461976528167725,1.0,0.30000001192092896,-1.0,1733474893.0181618,0.47036534242500694,-0.4039200919335526,-1.2319286598164918,1.0609617233276367,-0.3153332471847534
5.7442755699157715,0.0,0.0,0.0,0.0,-2.5308427810668945,1.0362006425857544,1.0,0.30000001192092896,-1.0,1733474893.0286326,0.4716992821939774,-0.43560766825952385,-1.332025166416816,1.0660146474838257,-0.3268858790397644
5.764577865600586,0.0,0.0,0.0,0.0,-2.581380605697632,1.0341120958328247,1.0,0.30000001192092896,-1.0,1733474893.0382612,0.4815037576454544,-0.44009120393888157,-1.3386219628440534,1.0816974639892578,-0.3134607970714569
5.774260520935059,0.0,0.0,0.0,0.0,-2.5895166397094727,1.0420005321502686,1.0,0.30000001192092896,-1.0,1733474893.0481462,0.48207408444488986,-0.4501141703336645,-1.3425328968626735,1.0987179279327393,-0.325684130191803
5.774260520935059,0.0,0.0,0.0,0.0,-2.5895166397094727,1.0420005321502686,1.0,0.30000001192092896,-1.0,1733474893.0581698,0.47205560600642155,-0.44511951651039566,-1.3568551906110844,1.0987179279327393,-0.325684130191803
5.795388698577881,0.0,0.0,0.0,0.0,-2.6223087310791016,1.0947012901306152,1.0,0.30000001192092896,-1.0,1733474893.0689328,0.49345115462544137,-0.47823328914352065,-1.4108995095332801,1.1209795475006104,-0.31921476125717163
5.795388698577881,0.0,0.0,0.0,0.0,-2.6223087310791016,1.0947012901306152,1.0,0.30000001192092896,-1.0,1733474893.078213,0.48101238420448145,-0.47561347629411443,-1.3994732774830074,1.1209795475006104,-0.31921476125717163
5.804281234741211,0.0,0.0,0.0,0.0,-2.621248722076416,1.0957623720169067,1.0,0.30000001192092896,-1.0,1733474893.0882742,0.50014052414983,-0.4948811435913873,-1.438868664297102,1.1206430196762085,-0.3216780126094818
5.824392318725586,0.0,0.0,0.0,0.0,-2.6451847553253174,1.1139838695526123,1.0,0.30000001192092896,-1.0,1733474893.098183,0.5047243050653436,-0.5013288115127259,-1.484242954828503,1.1295067071914673,-0.3262593746185303
5.824392318725586,0.0,0.0,0.0,0.0,-2.6451847553253174,1.1139838695526123,1.0,0.30000001192092896,-1.0,1733474893.10825,0.4872380776190903,-0.5082177125930184,-1.5569459871442481,1.1254990100860596,-0.32515373826026917
5.84448766708374,0.0,0.0,0.0,0.0,-2.7165699005126953,1.1243035793304443,1.0,0.30000001192092896,-1.0,1733474893.118228,0.49182095271849363,-0.5178454254238752,-1.6015640931901043,1.1363273859024048,-0.3288387358188629
5.84448766708374,0.0,0.0,0.0,0.0,-2.7165699005126953,1.1243035793304443,1.0,0.30000001192092896,-1.0,1733474893.128754,0.49184226391146885,-0.5332869679472244,-1.553250466421697,1.1363273859024048,-0.3241831362247467
5.864602088928223,0.0,0.0,0.0,0.0,-2.7403507232666016,1.1299680471420288,1.0,0.30000001192092896,-1.0,1733474893.1382961,0.4955821059983875,-0.5536829439860145,-1.616620643237058,1.1607614755630493,-0.32561200857162476
5.864602088928223,0.0,0.0,0.0,0.0,-2.7403507232666016,1.1299680471420288,1.0,0.30000001192092896,-1.0,1733474893.1481566,0.5106693113972978,-0.559076824773203,-1.6111028961463547,1.159945011138916,-0.344377338886261
5.884756565093994,0.0,0.0,0.0,0.0,-2.7579970359802246,1.1372075080871582,1.0,0.30000001192092896,-1.0,1733474893.1583736,0.4833012887884127,-0.5967619291313556,-1.6574762935337086,1.1796194314956665,-0.3446361720561981
5.895656108856201,0.0,0.0,0.0,0.0,-2.7563819885253906,1.1276239156723022,1.0,0.30000001192092896,-1.0,1733474893.1687868,0.48474493284798303,-0.6114426888983194,-1.7233650911160863,1.184951901435852,-0.3446361720561981
5.904253005981445,0.0,0.0,0.0,0.0,-2.769667148590088,1.1643460988998413,1.0,0.30000001192092896,-1.0,1733474893.1781797,0.49910677219571636,-0.5981601176557921,-1.7117900612240222,1.1765811443328857,-0.34447622299194336
5.904253005981445,0.0,0.0,0.0,0.0,-2.769667148590088,1.1643460988998413,1.0,0.30000001192092896,-1.0,1733474893.1886487,0.4941510341036091,-0.6356143553029598,-1.7244215210779261,1.1765811443328857,-0.34447622299194336
5.924349784851074,0.0,0.0,0.0,0.0,-2.82883882522583,1.1780259609222412,1.0,0.30000001192092896,-1.0,1733474893.1982303,0.5032726457287535,-0.6249761279168508,-1.8454751108823766,1.1900631189346313,-0.3543604612350464
5.924349784851074,0.0,0.0,0.0,0.0,-2.82883882522583,1.1780259609222412,1.0,0.30000001192092896,-1.0,1733474893.208491,0.48409804645304977,-0.6592094228446214,-1.7901748610305126,1.2074989080429077,-0.3543604612350464
5.944490432739258,0.0,0.0,0.0,0.0,-2.8210935592651367,1.1817859411239624,1.0,0.30000001192092896,-1.0,1733474893.2181041,0.48527145854982434,-0.6642786708742969,-1.872624568596134,1.21317458152771,-0.3495425581932068
5.954649925231934,0.0,0.0,0.0,0.0,-2.832235097885132,1.1747848987579346,1.0,0.30000001192092896,-1.0,1733474893.228305,0.4857129873398124,-0.6726143761099569,-1.9302397675496783,1.2028175592422485,-0.35486239194869995
5.964590549468994,0.0,0.0,0.0,0.0,-2.854386329650879,1.1848170757293701,1.0,0.30000001192092896,-1.0,1733474893.238252,0.4676535479793165,-0.6891957271843789,-1.9023017917237695,1.218565583229065,-0.35846325755119324
5.964590549468994,0.0,0.0,0.0,0.0,-2.854386329650879,1.1848170757293701,1.0,0.30000001192092896,-1.0,1733474893.2483928,0.470330218365844,-0.6936127926421032,-1.9859366728779917,1.2219411134719849,-0.35846325755119324
5.984227657318115,0.0,0.0,0.0,0.0,-2.8721957206726074,1.2126489877700806,1.0,0.30000001192092896,-1.0,1733474893.2581518,0.4802855099591019,-0.7216626099638529,-1.9791738059459572,1.2216691970825195,-0.35705527663230896
5.984227657318115,0.0,0.0,0.0,0.0,-2.8721957206726074,1.2126489877700806,1.0,0.30000001192092896,-1.0,1733474893.2685661,0.4560785596153629,-0.7397895072816068,-1.992115700160897,1.2298669815063477,-0.3475193977355957
5.995692253112793,0.0,0.0,0.0,0.0,-2.8984925746917725,1.2049057483673096,1.0,0.30000001192092896,-1.0,1733474893.278205,0.45903335969688674,-0.7472525259146211,-1.9879797259050926,1.2498509883880615,-0.358620285987854
6.004274845123291,0.0,0.0,0.0,0.0,-2.8977179527282715,1.2041043043136597,1.0,0.30000001192092896,-1.0,1733474893.2883415,0.4668614071423218,-0.7385421355748345,-2.122708153013217,1.241284728050232,-0.3490270972251892
6.015049934387207,0.0,0.0,0.0,0.0,-2.92141056060791,1.2345266342163086,1.0,0.30000001192092896,-1.0,1733474893.2981703,0.46732168181448763,-0.7786406709418933,-2.0534615647225616,1.2646325826644897,-0.36011016368865967
6.034527778625488,0.0,0.0,0.0,0.0,-2.9679596424102783,1.2128945589065552,1.0,0.30000001192092896,-1.0,1733474893.308326,0.43615143777127163,-0.7791126587224886,-2.136091565072238,1.255098581314087,-0.355714350938797
6.034527778625488,0.0,0.0,0.0,0.0,-2.9679596424102783,1.2128945589065552,1.0,0.30000001192092896,-1.0,1733474893.3184443,0.4325043004433397,-0.7967727221808214,-2.1827978338278182,1.2601876258850098,-0.3507910370826721
6.046042442321777,0.0,0.0,0.0,0.0,-2.9641473293304443,1.2365314960479736,1.0,0.30000001192092896,-1.0,1733474893.328379,0.4370785686103307,-0.8069058609720088,-2.246905994103958,1.2768832445144653,-0.3612483739852905
6.054610252380371,0.0,0.0,0.0,0.0,-2.954225778579712,1.2378044128417969,1.0,0.30000001192092896,-1.0,1733474893.338292,0.41975170930247196,-0.8271097553834708,-2.231567494231449,1.2802698612213135,-0.36727336049079895
6.0645575523376465,0.0,0.0,0.0,0.0,-2.993232488632202,1.2663639783859253,1.0,0.30000001192092896,-1.0,1733474893.3483212,0.4134351497747877,-0.8202927947653523,-2.2741509877548927,1.2834869623184204,-0.36654195189476013
6.075491905212402,0.0,0.0,0.0,0.0,-3.0188255310058594,1.2313511371612549,1.0,0.30000001192092896,-1.0,1733474893.358198,0.4140453321267603,-0.8503593400061205,-2.313694345608243,1.2865580320358276,-0.36215949058532715
6.094780921936035,0.0,0.0,0.0,0.0,-3.0152902603149414,1.2507015466690063,1.0,0.30000001192092896,-1.0,1733474893.3681822,0.41019747013074803,-0.8353442333935298,-2.292303161091644,1.2862850427627563,-0.3599895238876343
6.094780921936035,0.0,0.0,0.0,0.0,-3.0152902603149414,1.2507015466690063,1.0,0.30000001192092896,-1.0,1733474893.378209,0.39068514465234133,-0.8575586516203118,-2.3151614489355454,1.3033370971679688,-0.35820698738098145
6.104587078094482,0.0,0.0,0.0,0.0,-3.057133436203003,1.257017731666565,1.0,0.30000001192092896,-1.0,1733474893.3886652,0.3898506178804943,-0.8825008549633184,-2.3753741639106667,1.3023478984832764,-0.37425553798675537
6.115487575531006,0.0,0.0,0.0,0.0,-3.0287368297576904,1.2707538604736328,1.0,0.30000001192092896,-1.0,1733474893.3981454,0.37367214491303113,-0.8947330376806908,-2.3952238787505458,1.3041152954101562,-0.3727812170982361
6.124157428741455,0.0,0.0,0.0,0.0,-3.0663106441497803,1.2676385641098022,1.0,0.30000001192092896,-1.0,1733474893.4085045,0.36389565772016963,-0.8917437986460302,-2.430118000018894,1.3093860149383545,-0.37052395939826965
6.134842872619629,0.0,0.0,0.0,0.0,-3.072556972503662,1.2817555665969849,1.0,0.30000001192092896,-1.0,1733474893.4182968,0.35443977261923576,-0.9172748421820128,-2.526378524716931,1.3326382637023926,-0.373811811208725
6.154183387756348,0.0,0.0,0.0,0.0,-3.0737273693084717,1.3090691566467285,1.0,0.30000001192092896,-1.0,1733474893.4281461,0.3357011321957545,-0.9275046279365015,-2.5264613354165366,1.321516513824463,-0.3783003091812134
6.154183387756348,0.0,0.0,0.0,0.0,-3.0737273693084717,1.3090691566467285,1.0,0.30000001192092896,-1.0,1733474893.4383008,0.33609689020506206,-0.9350102300068363,-2.500014970097268,1.3338358402252197,-0.3805706202983856
6.164999485015869,0.0,0.0,0.0,0.0,-3.1140189170837402,1.319736361503601,1.0,0.30000001192092896,-1.0,1733474893.44821,0.3219461369661193,-0.9437701207644104,-2.584965922215811,1.3450565338134766,-0.3642352223396301
6.1842498779296875,0.0,0.0,0.0,0.0,-3.1171514987945557,1.3196295499801636,1.0,0.30000001192092896,-1.0,1733474893.4581628,0.3307900118033912,-0.9399713928650787,-2.5841819148155714,1.3567712306976318,-0.3673509359359741
6.1941962242126465,0.0,0.0,0.0,0.0,-3.1468629837036133,1.3107929229736328,1.0,0.30000001192092896,-1.0,1733474893.4681385,0.3156727034834822,-0.9432344184120975,-2.6363804455340243,1.3567712306976318,-0.3693506717681885
6.204975605010986,0.0,0.0,0.0,0.0,-3.132848024368286,1.3284279108047485,1.0,0.30000001192092896,-1.0,1733474893.478393,0.30370971703419897,-0.9537159676119229,-2.6044542858906237,1.3504011631011963,-0.3693506717681885
6.204975605010986,0.0,0.0,0.0,0.0,-3.132848024368286,1.3284279108047485,1.0,0.30000001192092896,-1.0,1733474893.4882889,0.26614864471195826,-0.9764157654463036,-2.7085602728729303,1.3691167831420898,-0.37747475504875183
6.214783191680908,0.0,0.0,0.0,0.0,-3.180269956588745,1.329615831375122,1.0,0.30000001192092896,-1.0,1733474893.4981322,0.2705761502985783,-0.9722320446462116,-2.7242218496893207,1.3681471347808838,-0.379923939704895
6.22419548034668,0.0,0.0,0.0,0.0,-3.1741957664489746,1.3301267623901367,1.0,0.30000001192092896,-1.0,1733474893.508391,0.2558802879275917,-0.9725098322740308,-2.7111992674228134,1.383921504020691,-0.370789498090744
6.234775066375732,0.0,0.0,0.0,0.0,-3.201265335083008,1.3360413312911987,1.0,0.30000001192092896,-1.0,1733474893.5181768,0.24691216854848766,-0.9955749509959382,-2.77188339302578,1.3895751237869263,-0.370789498090744
6.245258331298828,0.0,0.0,0.0,0.0,-3.1865756511688232,1.3517239093780518,1.0,0.30000001192092896,-1.0,1733474893.5281267,0.2211572642143511,-0.9858318573461973,-2.7708910281270844,1.3895751237869263,-0.37912699580192566
6.25423002243042,0.0,0.0,0.0,0.0,-3.1892571449279785,1.372274398803711,1.0,0.30000001192092896,-1.0,1733474893.5382094,0.22181152133840132,-1.006482063948159,-2.900270430327221,1.3779953718185425,-0.38997361063957214
6.275396347045898,0.0,0.0,0.0,0.0,-3.244507312774658,1.3511719703674316,1.0,0.30000001192092896,-1.0,1733474893.548268,0.21555429754112743,-1.0196845117134905,-2.8713975980520683,1.3833165168762207,-0.3904529809951782
6.284255504608154,0.0,0.0,0.0,0.0,-3.215914249420166,1.3631224632263184,1.0,0.30000001192092896,-1.0,1733474893.558211,0.17299012777627348,-1.0222417375505437,-2.9116071229999667,1.4045233726501465,-0.37790003418922424
6.284255504608154,0.0,0.0,0.0,0.0,-3.215914249420166,1.3631224632263184,1.0,0.30000001192092896,-1.0,1733474893.568108,0.16651891451924716,-1.011913165961143,-2.943188627973633,1.4148467779159546,-0.37790003418922424
6.304495334625244,0.0,0.0,0.0,0.0,-3.2720067501068115,1.3633956909179688,1.0,0.30000001192092896,-1.0,1733474893.5782428,0.1725602770115167,-1.0403437146096577,-3.029831934524202,1.4148467779159546,-0.37886667251586914
6.314719200134277,0.0,0.0,0.0,0.0,-3.251560926437378,1.3647541999816895,1.0,0.30000001192092896,-1.0,1733474893.5882638,0.13939906490826598,-1.0235890138889625,-3.0611755992403746,1.4183564186096191,-0.3870800733566284
6.314719200134277,0.0,0.0,0.0,0.0,-3.251560926437378,1.3647541999816895,1.0,0.30000001192092896,-1.0,1733474893.598137,0.1221908287724387,-1.0222007818607615,-3.057505656535033,1.416166067123413,-0.39231017231941223
6.324373722076416,0.0,0.0,0.0,0.0,-3.2893948554992676,1.3783787488937378,1.0,0.30000001192092896,-1.0,1733474893.6085527,0.11262742342218801,-1.0297694492818454,-3.0408830748192677,1.4303635358810425,-0.3978199362754822
6.344765663146973,0.0,0.0,0.0,0.0,-3.282837390899658,1.4071738719940186,1.0,0.30000001192092896,-1.0,1733474893.618339,0.08536675368733938,-1.0525665727015632,-3.06414081442468,1.4311143159866333,-0.39299288392066956
6.344765663146973,0.0,0.0,0.0,0.0,-3.282837390899658,1.4071738719940186,1.0,0.30000001192092896,-1.0,1733474893.6281278,0.08751918994298735,-1.0404148564627347,-3.0998545637845933,1.439792513847351,-0.39299288392066956
6.354156494140625,0.0,0.0,0.0,0.0,-3.3214025497436523,1.4038573503494263,1.0,0.30000001192092896,-1.0,1733474893.6384463,0.0699727417046834,-1.034943392251266,3.098315420334613,1.4450299739837646,-0.3920297622680664
6.365200042724609,0.0,0.0,0.0,0.0,-3.295929431915283,1.404068112373352,1.0,0.30000001192092896,-1.0,1733474893.6483045,0.05145874372738868,-1.0571966439998546,3.136072882118667,1.4364014863967896,-0.39980706572532654
6.374501705169678,0.0,0.0,0.0,0.0,-3.33042573928833,1.390290379524231,1.0,0.30000001192092896,-1.0,1733474893.658105,0.04263698640322175,-1.058890288390728,3.0223058879484577,1.4521026611328125,-0.3879767656326294
6.3841657638549805,0.0,0.0,0.0,0.0,-3.3350160121917725,1.4216145277023315,1.0,0.30000001192092896,-1.0,1733474893.6681688,0.03454030440098395,-1.0592736388603003,3.030364365526908,1.4483832120895386,-0.3912056088447571
6.395131587982178,0.0,0.0,0.0,0.0,-3.3357994556427,1.4402354955673218,1.0,0.30000001192092896,-1.0,1733474893.6782022,-0.007066920391032225,-1.0385408910876646,2.9911457908397274,1.464144229888916,-0.3985308110713959
6.4043073654174805,0.0,0.0,0.0,0.0,-3.360582113265991,1.441931128501892,1.0,0.30000001192092896,-1.0,1733474893.6884634,-0.00731541741533967,-1.040732182276958,2.918726163369384,1.4644393920898438,-0.3959490954875946
6.4148383140563965,0.0,0.0,0.0,0.0,-3.3637969493865967,1.4098771810531616,1.0,0.30000001192092896,-1.0,1733474893.6981525,-0.018992094251607944,-1.0515895009636322,2.9500751146848323,1.4653359651565552,-0.3884258568286896
6.4244232177734375,0.0,0.0,0.0,0.0,-3.3827855587005615,1.440707802772522,1.0,0.30000001192092896,-1.0,1733474893.7082596,-0.051396068791705496,-1.0560046429723962,2.870051418851951,1.4741697311401367,-0.3884258568286896
6.4448957443237305,0.0,0.0,0.0,0.0,-3.404801368713379,1.447861909866333,1.0,0.30000001192092896,-1.0,1733474893.7183378,-0.06935626121942984,-1.0561042980038544,2.9101739253158674,1.485979437828064,-0.3969365060329437
6.454197406768799,0.0,0.0,0.0,0.0,-3.4253287315368652,1.4547677040100098,1.0,0.30000001192092896,-1.0,1733474893.728139,-0.061243008507036914,-1.034823630352425,2.871226542985916,1.485979437828064,-0.3969365060329437
6.454197406768799,0.0,0.0,0.0,0.0,-3.4253287315368652,1.4547677040100098,1.0,0.30000001192092896,-1.0,1733474893.7385232,-0.0938276248262484,-1.0508286027941494,2.815851069606873,1.4772688150405884,-0.39484044909477234
6.465148448944092,0.0,0.0,0.0,0.0,-3.413461685180664,1.4513347148895264,1.0,0.30000001192092896,-1.0,1733474893.7481422,-0.11232806282425241,-1.0430203529771447,2.7810876591950158,1.4772688150405884,-0.39484044909477234
6.474191188812256,0.0,0.0,0.0,0.0,-3.438478946685791,1.4488106966018677,1.0,0.30000001192092896,-1.0,1733474893.758115,-0.12878419138936403,-1.0353926306646801,2.714368288739952,1.4977980852127075,-0.4003761410713196
6.484221935272217,0.0,0.0,0.0,0.0,-3.425855875015259,1.4514509439468384,1.0,0.30000001192092896,-1.0,1733474893.7684085,-0.1459060454549595,-1.0130037330471369,2.6983596006169925,1.4948474168777466,-0.4005288779735565
6.495230197906494,0.0,0.0,0.0,0.0,-3.46182918548584,1.4468969106674194,1.0,0.30000001192092896,-1.0,1733474893.7782352,-0.15445880079404103,-1.0357731544295563,2.6427388509998955,1.4948474168777466,-0.4005288779735565
6.504319190979004,0.0,0.0,0.0,0.0,-3.458873987197876,1.4705967903137207,1.0,0.30000001192092896,-1.0,1733474893.7883103,-0.16313860657977342,-1.0291585331857354,2.6222043698222284,1.49931001663208,-0.4105314314365387
6.51469087600708,0.0,0.0,0.0,0.0,-3.4787275791168213,1.4888224601745605,1.0,0.30000001192092896,-1.0,1733474893.7983744,-0.1859728234870307,-1.0185896088678177,2.6035592421806313,1.509981632232666,-0.40568438172340393
6.525205612182617,0.0,0.0,0.0,0.0,-3.4581851959228516,1.4790434837341309,1.0,0.30000001192092896,-1.0,1733474893.8084157,-0.1842338377424831,-1.0186051970036503,2.5349835860411507,1.516081690788269,-0.40026891231536865
6.534701347351074,0.0,0.0,0.0,0.0,-3.466468095779419,1.5002007484436035,1.0,0.30000001192092896,-1.0,1733474893.818595,-0.21948396569979806,-1.008438964754295,2.485902567752297,1.5090354681015015,-0.4088866114616394
6.555243492126465,0.0,0.0,0.0,0.0,-3.510796308517456,1.5038444995880127,1.0,0.30000001192092896,-1.0,1733474893.828515,-0.2188997870222354,-1.0008949520331203,2.555657227725923,1.5158064365386963,-0.4107152819633484
6.555243492126465,0.0,0.0,0.0,0.0,-3.510796308517456,1.5038444995880127,1.0,0.30000001192092896,-1.0,1733474893.8381956,-0.23982400504303836,-0.9861245782467611,2.447581804879603,1.5158064365386963,-0.4107152819633484
6.565128803253174,0.0,0.0,0.0,0.0,-3.4906117916107178,1.5027984380722046,1.0,0.30000001192092896,-1.0,1733474893.8481176,-0.26539986825319006,-0.9598247931243804,2.3981769920635374,1.528185486793518,-0.4084662199020386
6.5844268798828125,0.0,0.0,0.0,0.0,-3.5393624305725098,1.5125335454940796,1.0,0.30000001192092896,-1.0,1733474893.85813,-0.27799343199999904,-0.9771971192478706,2.3928937030211825,1.5302870273590088,-0.41147342324256897
6.595285415649414,0.0,0.0,0.0,0.0,-3.5414164066314697,1.487525224685669,1.0,0.30000001192092896,-1.0,1733474893.8686159,-0.27549973121289806,-0.9540751434392589,2.363256951732623,1.544980525970459,-0.41147342324256897
6.595285415649414,0.0,0.0,0.0,0.0,-3.5414164066314697,1.487525224685669,1.0,0.30000001192092896,-1.0,1733474893.8782198,-0.28577528750731424,-0.9376963937574295,2.3571434103103983,1.544980525970459,-0.40750449895858765
6.604322910308838,0.0,0.0,0.0,0.0,-3.5165324211120605,1.525383710861206,1.0,0.30000001192092896,-1.0,1733474893.8882952,-0.317527923812973,-0.943335841475335,2.347263202597596,1.5408304929733276,-0.4057537913322449
6.614553451538086,0.0,0.0,0.0,0.0,-3.563633441925049,1.5040640830993652,1.0,0.30000001192092896,-1.0,1733474893.898148,-0.3067213044980881,-0.919492021464326,2.330779809925389,1.5488837957382202,-0.4230280816555023
6.624180316925049,0.0,0.0,0.0,0.0,-3.5693435668945312,1.4978411197662354,1.0,0.30000001192092896,-1.0,1733474893.9082682,-0.3202704982917795,-0.909382168252928,2.24336958488488,1.543897271156311,-0.4141532778739929
6.644172668457031,0.0,0.0,0.0,0.0,-3.555328607559204,1.5311404466629028,1.0,0.30000001192092896,-1.0,1733474893.9182534,-0.3461638796093506,-0.9084190645863486,2.252576026235834,1.5499073266983032,-0.42213860154151917
6.654585361480713,0.0,0.0,0.0,0.0,-3.576017379760742,1.5170446634292603,1.0,0.30000001192092896,-1.0,1733474893.9282324,-0.35914020429197596,-0.8908039521601488,2.1732871158025056,1.5596797466278076,-0.41279906034469604
6.654585361480713,0.0,0.0,0.0,0.0,-3.576017379760742,1.5170446634292603,1.0,0.30000001192092896,-1.0,1733474893.9384277,-0.3521712440738629,-0.8834154610224444,2.194741870091378,1.5596797466278076,-0.41279906034469604
6.665180206298828,0.0,0.0,0.0,0.0,-3.574500560760498,1.5196362733840942,1.0,0.30000001192092896,-1.0,1733474893.948113,-0.37022919891659267,-0.8725266183339353,2.0849713273047565,1.564976453781128,-0.42285284399986267
6.674264907836914,0.0,0.0,0.0,0.0,-3.590733051300049,1.5133898258209229,1.0,0.30000001192092896,-1.0,1733474893.9582736,-0.3805969933092124,-0.8566938494998131,2.094021076356253,1.583210825920105,-0.4173605144023895
6.69492244720459,0.0,0.0,0.0,0.0,-3.6140947341918945,1.5432130098342896,1.0,0.30000001192092896,-1.0,1733474893.968321,-0.4007569048315457,-0.8444679524093017,2.012724961353893,1.583210825920105,-0.4281342923641205
6.69492244720459,0.0,0.0,0.0,0.0,-3.6140947341918945,1.5432130098342896,1.0,0.30000001192092896,-1.0,1733474893.9782257,-0.4050603826563046,-0.8131057035413762,2.0070016112098634,1.5775476694107056,-0.4281342923641205
6.704339504241943,0.0,0.0,0.0,0.0,-3.6163840293884277,1.532238483428955,1.0,0.30000001192092896,-1.0,1733474893.9884152,-0.4167696000312932,-0.796138040526813,1.9507993873166782,1.5859030485153198,-0.4145147204399109
6.724189281463623,0.0,0.0,0.0,0.0,-3.6513476371765137,1.5730223655700684,1.0,0.30000001192092896,-1.0,1733474893.9981394,-0.41437998509670776,-0.7929624308684953,1.9188152813188541,1.592072606086731,-0.4154713749885559
6.724189281463623,0.0,0.0,0.0,0.0,-3.6513476371765137,1.5730223655700684,1.0,0.30000001192092896,-1.0,1733474894.0082068,-0.4450928223455501,-0.784183942674011,1.8876669221392943,1.592072606086731,-0.4154713749885559
6.734383583068848,0.0,0.0,0.0,0.0,-3.6524899005889893,1.5533027648925781,1.0,0.30000001192092896,-1.0,1733474894.0181563,-0.44386466131812996,-0.7435350034526409,1.8868123085424995,1.59121572971344,-0.42985033988952637
6.755011081695557,0.0,0.0,0.0,0.0,-3.6737234592437744,1.5756211280822754,1.0,0.30000001192092896,-1.0,1733474894.0282905,-0.4400259118119001,-0.7536470885006284,1.8303060594430645,1.5961573123931885,-0.41482582688331604
6.764550685882568,0.0,0.0,0.0,0.0,-3.6433587074279785,1.5542258024215698,1.0,0.30000001192092896,-1.0,1733474894.03827,-0.4555929807641253,-0.7301019031621809,1.823416146520493,1.6071444749832153,-0.41482582688331604
6.764550685882568,0.0,0.0,0.0,0.0,-3.6433587074279785,1.5542258024215698,1.0,0.30000001192092896,-1.0,1733474894.0481744,-0.4573327327397562,-0.6962604536700593,1.8231701350493752,1.6090574264526367,-0.4216947555541992
6.784539699554443,0.0,0.0,0.0,0.0,-3.6962337493896484,1.5785200595855713,1.0,0.30000001192092896,-1.0,1733474894.058245,-0.4550801210263878,-0.6940058875224971,1.7305474222816546,1.6146897077560425,-0.43163660168647766
6.79463005065918,0.0,0.0,0.0,0.0,-3.698568105697632,1.5808889865875244,1.0,0.30000001192092896,-1.0,1733474894.0682726,-0.46796877657879565,-0.6722445769936982,1.7418983320079429,1.6146897077560425,-0.41780874133110046
6.804284572601318,0.0,0.0,0.0,0.0,-3.7087554931640625,1.5966179370880127,1.0,0.30000001192092896,-1.0,1733474894.0781949,-0.47804655644575655,-0.6490481354355171,1.738911256183386,1.6096261739730835,-0.41780874133110046
6.8150482177734375,0.0,0.0,0.0,0.0,-3.7052409648895264,1.5764275789260864,1.0,0.30000001192092896,-1.0,1733474894.0883684,-0.47069108971705625,-0.6254212008492995,1.6908565989445314,1.6222763061523438,-0.4351593554019928
6.82415771484375,0.0,0.0,0.0,0.0,-3.706486225128174,1.6068841218948364,1.0,0.30000001192092896,-1.0,1733474894.0981483,-0.4751427855210652,-0.6244291162509558,1.6239638354503703,1.6217365264892578,-0.42423832416534424
6.834261894226074,0.0,0.0,0.0,0.0,-3.713956356048584,1.5873422622680664,1.0,0.30000001192092896,-1.0,1733474894.1081676,-0.4906681038070566,-0.6193860884361626,1.593593078690443,1.6280696392059326,-0.42423832416534424
6.845053672790527,0.0,0.0,0.0,0.0,-3.703193426132202,1.5903204679489136,1.0,0.30000001192092896,-1.0,1733474894.1184893,-0.4695655941755653,-0.5835131187625693,1.5648921661271025,1.6404297351837158,-0.4333885610103607
6.854626655578613,0.0,0.0,0.0,0.0,-3.741234302520752,1.5880416631698608,1.0,0.30000001192092896,-1.0,1733474894.1283433,-0.4685693340041005,-0.5690373162173032,1.5586926790359945,1.6404297351837158,-0.43261176347732544
6.864601135253906,0.0,0.0,0.0,0.0,-3.7444396018981934,1.6168898344039917,1.0,0.30000001192092896,-1.0,1733474894.138216,-0.48646038938435004,-0.5578983788535476,1.5450740382846984,1.646919846534729,-0.43261176347732544
6.864601135253906,0.0,0.0,0.0,0.0,-3.7444396018981934,1.6168898344039917,1.0,0.30000001192092896,-1.0,1733474894.148634,-0.47590185752318215,-0.5375021813963016,1.4589793397555075,1.646919846534729,-0.4418072998523712
6.8751983642578125,0.0,0.0,0.0,0.0,-3.750192165374756,1.6199570894241333,1.0,0.30000001192092896,-1.0,1733474894.158158,-0.4743844260583334,-0.5042069444446684,1.4595995300354376,1.6338484287261963,-0.4418072998523712
6.895111083984375,0.0,0.0,0.0,0.0,-3.7451913356781006,1.6264580488204956,1.0,0.30000001192092896,-1.0,1733474894.1687627,-0.4698464918313404,-0.49669113283539523,1.3829051128015308,1.6380172967910767,-0.42699676752090454
6.895111083984375,0.0,0.0,0.0,0.0,-3.7451913356781006,1.6264580488204956,1.0,0.30000001192092896,-1.0,1733474894.178191,-0.4569988513998403,-0.4676455824347664,1.3981561888470886,1.641788125038147,-0.43688637018203735
6.904402732849121,0.0,0.0,0.0,0.0,-3.7499771118164062,1.627706527709961,1.0,0.30000001192092896,-1.0,1733474894.1884673,-0.47050664276714027,-0.4672683556809531,1.3542009123780665,1.648275375366211,-0.42700448632240295
6.9144487380981445,0.0,0.0,0.0,0.0,-3.754150867462158,1.6300914287567139,1.0,0.30000001192092896,-1.0,1733474894.1982453,-0.45017038244920693,-0.45596351719501627,1.3105483662664805,1.648275375366211,-0.43877455592155457
6.924882411956787,0.0,0.0,0.0,0.0,-3.774541139602661,1.621217131614685,1.0,0.30000001192092896,-1.0,1733474894.2082164,-0.4679492492070761,-0.4370121766406414,1.2565725778288173,1.6557193994522095,-0.4292522370815277
6.945479393005371,0.0,0.0,0.0,0.0,-3.7927143573760986,1.641793966293335,1.0,0.30000001192092896,-1.0,1733474894.218602,-0.4490112285261449,-0.40896806852834106,1.2568402542592108,1.6575229167938232,-0.4354134202003479
6.945479393005371,0.0,0.0,0.0,0.0,-3.7927143573760986,1.641793966293335,1.0,0.30000001192092896,-1.0,1733474894.22825,-0.44425953238015914,-0.40132034507393843,1.2434226802466897,1.6718417406082153,-0.4307975172996521
6.964709758758545,0.0,0.0,0.0,0.0,-3.8231003284454346,1.6346690654754639,1.0,0.30000001192092896,-1.0,1733474894.238285,-0.4278012062243477,-0.3814042588463704,1.1912091316851512,1.6695138216018677,-0.42958158254623413
6.964709758758545,0.0,0.0,0.0,0.0,-3.8231003284454346,1.6346690654754639,1.0,0.30000001192092896,-1.0,1733474894.2482653,-0.44019374424754226,-0.3558466775695432,1.1350682086688233,1.6695138216018677,-0.42958158254623413
6.974623203277588,0.0,0.0,0.0,0.0,-3.7905967235565186,1.6509240865707397,1.0,0.30000001192092896,-1.0,1733474894.25814,-0.4363445340424039,-0.33451422861871927,1.1416307399222627,1.6705936193466187,-0.4437613785266876
6.994547367095947,0.0,0.0,0.0,0.0,-3.8179421424865723,1.6573312282562256,1.0,0.30000001192092896,-1.0,1733474894.2684484,-0.4286667625815636,-0.33914682978351607,1.1072111011575434,1.688171148300171,-0.44120922684669495
7.004638195037842,0.0,0.0,0.0,0.0,-3.828948497772217,1.6280884742736816,1.0,0.30000001192092896,-1.0,1733474894.2782774,-0.3977171454225427,-0.3140182404890076,1.0684555709516321,1.688171148300171,-0.44120922684669495
7.004638195037842,0.0,0.0,0.0,0.0,-3.828948497772217,1.6280884742736816,1.0,0.30000001192092896,-1.0,1733474894.2882605,-0.40517025398600515,-0.31373275651282934,1.0171297197394242,1.6872262954711914,-0.4490267336368561
7.014675617218018,0.0,0.0,0.0,0.0,-3.839689254760742,1.632460594177246,1.0,0.30000001192092896,-1.0,1733474894.298124,-0.38886764083410397,-0.27821668628237173,0.9826030044480503,1.6877392530441284,-0.44738566875457764
7.024229526519775,0.0,0.0,0.0,0.0,-3.8326754570007324,1.6596180200576782,1.0,0.30000001192092896,-1.0,1733474894.3085597,-0.37866817738286107,-0.26641217545167273,0.9518832638240647,1.6868163347244263,-0.45053935050964355
7.0448174476623535,0.0,0.0,0.0,0.0,-3.8320279121398926,1.655918002128601,1.0,0.30000001192092896,-1.0,1733474894.31826,-0.3552867092555181,-0.24616239093679393,0.9429159490956613,1.694318175315857,-0.4443053901195526
7.0448174476623535,0.0,0.0,0.0,0.0,-3.8320279121398926,1.655918002128601,1.0,0.30000001192092896,-1.0,1733474894.32815,-0.36479287961628837,-0.2268086590433915,0.8835304186991382,1.694318175315857,-0.4443053901195526
7.054367542266846,0.0,0.0,0.0,0.0,-3.87933087348938,1.6814852952957153,1.0,0.30000001192092896,-1.0,1733474894.3381267,-0.35016477711392474,-0.2386422807721893,0.876989945295453,1.6987391710281372,-0.4517911672592163
7.064395427703857,0.0,0.0,0.0,0.0,-3.842329978942871,1.6745694875717163,1.0,0.30000001192092896,-1.0,1733474894.3482459,-0.31896864530407,-0.22472522992978466,0.8176604453386446,1.6988328695297241,-0.443209707736969
7.084503173828125,0.0,0.0,0.0,0.0,-3.868342638015747,1.6747039556503296,1.0,0.30000001192092896,-1.0,1733474894.3582406,-0.32909573172144013,-0.19713244024695098,0.7943273322348786,1.6951303482055664,-0.4538344740867615
7.084503173828125,0.0,0.0,0.0,0.0,-3.868342638015747,1.6747039556503296,1.0,0.30000001192092896,-1.0,1733474894.3684192,-0.3013874976039088,-0.19081637365974952,0.7529507104261438,1.6997123956680298,-0.44970184564590454
7.104246616363525,0.0,0.0,0.0,0.0,-3.89591121673584,1.6912345886230469,1.0,0.30000001192092896,-1.0,1733474894.3781536,-0.28847091721606066,-0.18735613332998802,0.7418787443475965,1.7128080129623413,-0.4515288472175598
7.104246616363525,0.0,0.0,0.0,0.0,-3.89591121673584,1.6912345886230469,1.0,0.30000001192092896,-1.0,1733474894.3881733,-0.28974077150259847,-0.17120253662774246,0.7046767865363823,1.7128080129623413,-0.4515288472175598
7.114803791046143,0.0,0.0,0.0,0.0,-3.8772034645080566,1.6591565608978271,1.0,0.30000001192092896,-1.0,1733474894.398101,-0.27089103999664904,-0.1549562392575781,0.680393767200557,1.716015338897705,-0.4508422613143921
7.124195098876953,0.0,0.0,0.0,0.0,-3.912628173828125,1.6891926527023315,1.0,0.30000001192092896,-1.0,1733474894.4084752,-0.25397168693528693,-0.15541167831631597,0.6326869907338298,1.716015338897705,-0.4508422613143921
7.144902229309082,0.0,0.0,0.0,0.0,-3.899440288543701,1.6639399528503418,1.0,0.30000001192092896,-1.0,1733474894.4183555,-0.22323638231064535,-0.1329735940078289,0.6062077239589175,1.7236804962158203,-0.4483136832714081
7.144902229309082,0.0,0.0,0.0,0.0,-3.899440288543701,1.6639399528503418,1.0,0.30000001192092896,-1.0,1733474894.4281414,-0.21312812142044968,-0.12896489837026598,0.5611582215666618,1.7236804962158203,-0.4483136832714081
7.154238700866699,0.0,0.0,0.0,0.0,-3.904322385787964,1.696774959564209,1.0,0.30000001192092896,-1.0,1733474894.4384093,-0.19202457032748826,-0.10778240368843743,0.5365448402269946,1.7316008806228638,-0.44623762369155884
7.174381256103516,0.0,0.0,0.0,0.0,-3.932630777359009,1.6871510744094849,1.0,0.30000001192092896,-1.0,1733474894.4482837,-0.17154932523494618,-0.1190793683957568,0.5220552262603306,1.72475004196167,-0.4546612799167633
7.174381256103516,0.0,0.0,0.0,0.0,-3.932630777359009,1.6871510744094849,1.0,0.30000001192092896,-1.0,1733474894.4581404,-0.17488855535508557,-0.1054783958112194,0.4676056468613704,1.734979510307312,-0.4546612799167633
7.184204578399658,0.0,0.0,0.0,0.0,-3.934391975402832,1.7015076875686646,1.0,0.30000001192092896,-1.0,1733474894.468482,-0.15702740735628778,-0.11329158486058251,0.4462144143953279,1.736856460571289,-0.45857012271881104
7.195281505584717,0.0,0.0,0.0,0.0,-3.956282615661621,1.7076542377471924,1.0,0.30000001192092896,-1.0,1733474894.4783015,-0.13206984481821438,-0.08137390666593035,0.4166869113851251,1.7433533668518066,-0.44520846009254456
7.204709053039551,0.0,0.0,0.0,0.0,-3.939519166946411,1.7113621234893799,1.0,0.30000001192092896,-1.0,1733474894.4884186,-0.11260763140086888,-0.0849979260141501,0.37818037993561904,1.746206283569336,-0.45517298579216003
7.224300384521484,0.0,0.0,0.0,0.0,-3.9346253871917725,1.6858267784118652,1.0,0.30000001192092896,-1.0,1733474894.498101,-0.08447542552685604,-0.09073348698782194,0.3484160777781498,1.7373379468917847,-0.44171369075775146
7.234649181365967,0.0,0.0,0.0,0.0,-3.9649527072906494,1.7020937204360962,1.0,0.30000001192092896,-1.0,1733474894.508302,-0.06323066206941906,-0.08350887816183543,0.31458622392294455,1.7414324283599854,-0.4570576846599579
7.244863033294678,0.0,0.0,0.0,0.0,-3.9839742183685303,1.7039769887924194,1.0,0.30000001192092896,-1.0,1733474894.5183613,-0.06884490174917635,-0.08911093422185888,0.28488930313451744,1.75882089138031,-0.46122825145721436
7.244863033294678,0.0,0.0,0.0,0.0,-3.9839742183685303,1.7039769887924194,1.0,0.30000001192092896,-1.0,1733474894.528133,-0.03302392588745692,-0.07927786470487543,0.2413696875106933,1.75882089138031,-0.4621175229549408
7.254178524017334,0.0,0.0,0.0,0.0,-3.965221881866455,1.733824372291565,1.0,0.30000001192092896,-1.0,1733474894.5385578,-0.00737733197974684,-0.07305070191030363,0.2167885885703933,1.7597527503967285,-0.45616471767425537
7.274344444274902,0.0,0.0,0.0,0.0,-3.9714701175689697,1.7352960109710693,1.0,0.30000001192092896,-1.0,1733474894.5482605,0.014563145413453438,-0.062440504790504024,0.17727375454897834,1.752280354499817,-0.46378275752067566
7.274344444274902,0.0,0.0,0.0,0.0,-3.9714701175689697,1.7352960109710693,1.0,0.30000001192092896,-1.0,1733474894.558163,0.012114855450624892,-0.07827285048331153,0.14944801763504964,1.7485311031341553,-0.4621657431125641
7.284234046936035,0.0,0.0,0.0,0.0,-3.9806084632873535,1.7037266492843628,1.0,0.30000001192092896,-1.0,1733474894.568274,0.054340443766477106,-0.08001275753162257,0.11625456784250882,1.7688822746276855,-0.45280787348747253
7.295419216156006,0.0,0.0,0.0,0.0,-4.005190849304199,1.720700740814209,1.0,0.30000001192092896,-1.0,1733474894.578094,0.04999676456292848,-0.06457287579777413,0.08131958277503662,1.7690290212631226,-0.44963932037353516
7.304202079772949,0.0,0.0,0.0,0.0,-3.9825212955474854,1.7246519327163696,1.0,0.30000001192092896,-1.0,1733474894.5884693,0.09015444968314912,-0.0701079407183327,0.04776726900199651,1.769774079322815,-0.44742196798324585
7.314785957336426,0.0,0.0,0.0,0.0,-3.9938268661499023,1.7443188428878784,1.0,0.30000001192092896,-1.0,1733474894.5982594,0.08435170173575515,-0.07129718067748748,0.014683108106535562,1.7732601165771484,-0.4469375014305115
7.324551582336426,0.0,0.0,0.0,0.0,-4.020040035247803,1.7131493091583252,1.0,0.30000001192092896,-1.0,1733474894.6081522,0.12954786482186256,-0.07708505934319522,-0.01821306620440165,1.7614445686340332,-0.4495154917240143
7.344127655029297,0.0,0.0,0.0,0.0,-4.01273775100708,1.7202494144439697,1.0,0.30000001192092896,-1.0,1733474894.6181118,0.13790800218698185,-0.07595437650118032,-0.05118434628435349,1.7770742177963257,-0.4487777054309845
7.355587482452393,0.0,0.0,0.0,0.0,-4.007920265197754,1.724841833114624,1.0,0.30000001192092896,-1.0,1733474894.6288235,0.16110259792237766,-0.0894500974981887,-0.08344618395497892,1.7729424238204956,-0.45066484808921814
7.355587482452393,0.0,0.0,0.0,0.0,-4.007920265197754,1.724841833114624,1.0,0.30000001192092896,-1.0,1733474894.6386673,0.16979847052542912,-0.09617399692937761,-0.11849392521100892,1.7744897603988647,-0.4562126100063324
7.3653883934021,0.0,0.0,0.0,0.0,-4.014061450958252,1.7333794832229614,1.0,0.30000001192092896,-1.0,1733474894.6483161,0.17888181990449092,-0.11585915903252123,-0.1526428688878993,1.774092197418213,-0.4540085196495056
7.3845744132995605,0.0,0.0,0.0,0.0,-4.029099941253662,1.7295945882797241,1.0,0.30000001192092896,-1.0,1733474894.658108,0.1933127069686324,-0.12692146570678825,-0.1832421751303385,1.778283715248108,-0.45800289511680603
7.395118713378906,0.0,0.0,0.0,0.0,-4.048543453216553,1.727642297744751,1.0,0.30000001192092896,-1.0,1733474894.6682453,0.22798756133413742,-0.13484056837526304,-0.2219294011280329,1.79010009765625,-0.46807345747947693
7.395118713378906,0.0,0.0,0.0,0.0,-4.048543453216553,1.727642297744751,1.0,0.30000001192092896,-1.0,1733474894.6781936,0.23494534822188065,-0.12198392258016272,-0.24614243619217188,1.79010009765625,-0.46807345747947693
7.414597034454346,0.0,0.0,0.0,0.0,-4.047521114349365,1.7409336566925049,1.0,0.30000001192092896,-1.0,1733474894.6882808,0.2673953782159079,-0.14487890242986537,-0.29220602012420716,1.780678153038025,-0.46519094705581665
7.424426555633545,0.0,0.0,0.0,0.0,-4.0583882331848145,1.7405378818511963,1.0,0.30000001192092896,-1.0,1733474894.6981752,0.27342129396070697,-0.16153154946804377,-0.32593594145241817,1.780678153038025,-0.46519094705581665
7.424426555633545,0.0,0.0,0.0,0.0,-4.0583882331848145,1.7405378818511963,1.0,0.30000001192092896,-1.0,1733474894.708104,0.29811382659611074,-0.15928052244963334,-0.36082684927982944,1.8002655506134033,-0.4636255204677582
7.445014953613281,0.0,0.0,0.0,0.0,-4.056482791900635,1.7602665424346924,1.0,0.30000001192092896,-1.0,1733474894.7181218,0.30517660828006127,-0.1806441895363317,-0.3931491806111128,1.8021162748336792,-0.4636745750904083
7.445014953613281,0.0,0.0,0.0,0.0,-4.056482791900635,1.7602665424346924,1.0,0.30000001192092896,-1.0,1733474894.7282808,0.3045664480043522,-0.19284050093920985,-0.4230564991502726,1.8030661344528198,-0.4636745750904083
7.464791774749756,0.0,0.0,0.0,0.0,-4.090917110443115,1.7653813362121582,1.0,0.30000001192092896,-1.0,1733474894.7382548,0.3270218463263278,-0.20911132685035427,-0.4549638411909909,1.801019549369812,-0.466683030128479
7.464791774749756,0.0,0.0,0.0,0.0,-4.090917110443115,1.7653813362121582,1.0,0.30000001192092896,-1.0,1733474894.7483034,0.33790070218785895,-0.2207092087528136,-0.48555606558326525,1.806362271308899,-0.45780149102211
7.474538326263428,0.0,0.0,0.0,0.0,-4.096398830413818,1.7865115404129028,1.0,0.30000001192092896,-1.0,1733474894.7584338,0.35235059628197135,-0.22698421141935188,-0.5116445501014623,1.795122504234314,-0.4544077217578888
7.484981536865234,0.0,0.0,0.0,0.0,-4.0736775398254395,1.788440227508545,1.0,0.30000001192092896,-1.0,1733474894.7686179,0.378991182566934,-0.2311064426290956,-0.5645297285467988,1.8070896863937378,-0.45943593978881836
7.495510578155518,0.0,0.0,0.0,0.0,-4.068692207336426,1.7503122091293335,1.0,0.30000001192092896,-1.0,1733474894.7781851,0.38574352491130925,-0.2513163855064045,-0.5882761788218174,1.8070896863937378,-0.4628683030605316
7.50435209274292,0.0,0.0,0.0,0.0,-4.075804710388184,1.7798843383789062,1.0,0.30000001192092896,-1.0,1733474894.7883456,0.39667627179620985,-0.27955004055101257,-0.6330067236495291,1.802643895149231,-0.4568991959095001
7.524345397949219,0.0,0.0,0.0,0.0,-4.105950832366943,1.7749472856521606,1.0,0.30000001192092896,-1.0,1733474894.798142,0.42375290837069357,-0.2809423181935269,-0.6538645932853784,1.815291404724121,-0.4742591083049774
7.524345397949219,0.0,0.0,0.0,0.0,-4.105950832366943,1.7749472856521606,1.0,0.30000001192092896,-1.0,1733474894.8080893,0.4139750420930502,-0.30113927034185184,-0.6923180956138321,1.8108069896697998,-0.46985098719596863
7.534448623657227,0.0,0.0,0.0,0.0,-4.115960597991943,1.787164568901062,1.0,0.30000001192092896,-1.0,1733474894.8181353,0.42998963497969495,-0.32612264565416044,-0.7160856472485032,1.8209222555160522,-0.46985098719596863
7.544589996337891,0.0,0.0,0.0,0.0,-4.126992225646973,1.8023358583450317,1.0,0.30000001192092896,-1.0,1733474894.8283703,0.44487802363599616,-0.346006600292856,-0.7571192859560033,1.8224822282791138,-0.4697740077972412
7.565188884735107,0.0,0.0,0.0,0.0,-4.1189117431640625,1.7799592018127441,1.0,0.30000001192092896,-1.0,1733474894.838412,0.44664549057832525,-0.35289420931671006,-0.7879390621864997,1.8248487710952759,-0.47058361768722534
7.574350833892822,0.0,0.0,0.0,0.0,-4.1197052001953125,1.7741395235061646,1.0,0.30000001192092896,-1.0,1733474894.8481398,0.45419738371539287,-0.3625565682945819,-0.8166636996389972,1.8248487710952759,-0.4755009710788727
7.574350833892822,0.0,0.0,0.0,0.0,-4.1197052001953125,1.7741395235061646,1.0,0.30000001192092896,-1.0,1733474894.8583863,0.4569954382995164,-0.38116879550488403,-0.8502037191481753,1.824324607849121,-0.4755009710788727
7.584990978240967,0.0,0.0,0.0,0.0,-4.1467108726501465,1.7995644807815552,1.0,0.30000001192092896,-1.0,1733474894.868468,0.48111645051075724,-0.39442046814691745,-0.900044153196596,1.8225246667861938,-0.46996787190437317
7.604255199432373,0.0,0.0,0.0,0.0,-4.111917972564697,1.7709767818450928,1.0,0.30000001192092896,-1.0,1733474894.8781447,0.4728173728546134,-0.4117030451016203,-0.9416271813074466,1.8211679458618164,-0.46996787190437317
7.614869117736816,0.0,0.0,0.0,0.0,-4.123672962188721,1.7867146730422974,1.0,0.30000001192092896,-1.0,1733474894.8884149,0.4796505448915819,-0.42901946068519564,-0.9628676959884799,1.8276821374893188,-0.4646633565425873
7.614869117736816,0.0,0.0,0.0,0.0,-4.123672962188721,1.7867146730422974,1.0,0.30000001192092896,-1.0,1733474894.898211,0.5011623975011964,-0.4695982032391258,-1.003263732293438,1.8304693698883057,-0.47912898659706116
7.624407768249512,0.0,0.0,0.0,0.0,-4.120540618896484,1.7774592638015747,1.0,0.30000001192092896,-1.0,1733474894.9083552,0.4782577246367544,-0.4893624294196421,-1.0184389424325613,1.8338117599487305,-0.46374574303627014
7.645401954650879,0.0,0.0,0.0,0.0,-4.132702827453613,1.8212172985076904,1.0,0.30000001192092896,-1.0,1733474894.9186428,0.4811413784670652,-0.48966149039790524,-1.0908123769245281,1.8435420989990234,-0.4619831442832947
7.654683589935303,0.0,0.0,0.0,0.0,-4.149021148681641,1.8099898099899292,1.0,0.30000001192092896,-1.0,1733474894.9284003,0.49627165433581766,-0.5074244124948261,-1.0898094846166833,1.8361989259719849,-0.4654228091239929
7.654683589935303,0.0,0.0,0.0,0.0,-4.149021148681641,1.8099898099899292,1.0,0.30000001192092896,-1.0,1733474894.9383628,0.5014296307187396,-0.5273689412424836,-1.1224970864662833,1.8361989259719849,-0.4720541536808014
7.675100803375244,0.0,0.0,0.0,0.0,-4.168064594268799,1.8265610933303833,1.0,0.30000001192092896,-1.0,1733474894.9483814,0.5027096971091737,-0.5609534885143269,-1.1903012725194373,1.8312050104141235,-0.4720541536808014
7.6842851638793945,0.0,0.0,0.0,0.0,-4.148609161376953,1.8081227540969849,1.0,0.30000001192092896,-1.0,1733474894.958201,0.489059246621754,-0.585404165070966,-1.1914263604935076,1.8535596132278442,-0.46580803394317627
7.6842851638793945,0.0,0.0,0.0,0.0,-4.148609161376953,1.8081227540969849,1.0,0.30000001192092896,-1.0,1733474894.9686513,0.4901843689247106,-0.592524938271908,-1.2267220279313988,1.8535596132278442,-0.46580803394317627
7.704848766326904,0.0,0.0,0.0,0.0,-4.16765022277832,1.8018817901611328,1.0,0.30000001192092896,0.0,1733474894.9781861,0.48600559996674125,-0.6195628617834193,-1.2809485926624962,1.8399074077606201,-0.06871084868907928
7.704848766326904,0.0,0.0,0.0,0.0,-4.16765022277832,1.8018817901611328,1.0,0.30000001192092896,0.0,1733474894.9882045,0.5042701714663412,-0.6319089565234973,-1.2577615399658038,1.8462735414505005,-0.06871084868907928
7.724234580993652,0.0,0.0,0.0,0.0,-0.024367552250623703,1.8342304229736328,1.0,0.30000001192092896,0.0,1733474894.9981313,0.5074128775451463,-0.6469493109879488,-1.2464657042848937,1.8505823612213135,-0.0858764722943306
7.734450817108154,0.0,0.0,0.0,0.0,-0.025529153645038605,1.8211126327514648,1.0,0.30000001192092896,0.0,1733474895.008362,0.49216315292957935,-0.6889412249802204,-1.2237198606144135,1.8428226709365845,-0.08639780431985855
7.745525360107422,0.0,0.0,0.0,0.0,-0.01578141562640667,1.8312689065933228,1.0,0.30000001192092896,0.0,1733474895.0183978,0.5003007520554918,-0.70637230491873,-1.2447058927960863,1.8456472158432007,-0.085650235414505
7.745525360107422,0.0,0.0,0.0,0.0,-0.01578141562640667,1.8312689065933228,1.0,0.30000001192092896,0.0,1733474895.0282822,0.518609915078083,-0.7230226681114071,-1.2542444987571022,1.8456472158432007,-0.085650235414505
7.754395484924316,0.0,0.0,0.0,0.0,0.0019092983566224575,1.8186724185943604,1.0,0.30000001192092896,0.0,1733474895.038221,0.5218671550114689,-0.72470764413168,-1.2234690214733261,1.852340817451477,-0.07464711368083954
7.764523506164551,0.0,0.0,0.0,0.0,-0.012143855914473534,1.8292665481567383,1.0,0.30000001192092896,0.0,1733474895.0482838,0.519762996790425,-0.7558837788321052,-1.2206038840157276,1.8517032861709595,-0.0715099349617958
7.774524688720703,0.0,0.0,0.0,0.0,-0.020939026027917862,1.817202091217041,1.0,0.30000001192092896,0.0,1733474895.0583036,0.5334274561230151,-0.774528592786348,-1.2249552989566683,1.8603836297988892,-0.08438145369291306
7.784321308135986,0.0,0.0,0.0,0.0,-0.004508467391133308,1.8184462785720825,1.0,0.30000001192092896,0.0,1733474895.0681572,0.5237913248821348,-0.7906807856452315,-1.2369682010938015,1.865159273147583,-0.07955429702997208
7.794322967529297,0.0,0.0,0.0,0.0,-0.008913037367165089,1.8200794458389282,1.0,0.30000001192092896,0.0,1733474895.0785546,0.5121016775129926,-0.8045581853397806,-1.259687808823053,1.8695273399353027,-0.06925074756145477
7.805049896240234,0.0,0.0,0.0,0.0,0.01592887006700039,1.7976545095443726,1.0,0.0,0.0,1733474895.0887198,0.5398369694137538,-0.81715185624295,-1.218041870827862,1.8424677848815918,-0.07854582369327545
7.81504487991333,0.0,0.0,0.0,0.0,-0.015427417121827602,1.7884434461593628,1.0,0.0,0.0,1733474895.098136,0.5396499681278929,-0.840133049796787,-1.2241658919055673,1.8442530632019043,-0.08505886048078537
7.824216842651367,0.0,0.0,0.0,0.0,0.0025974507443606853,1.767815113067627,1.0,0.0,0.0,1733474895.1088343,0.5451221826355706,-0.8639931804429504,-1.2132002414876795,1.8326468467712402,-0.07404309511184692
7.835352897644043,0.0,0.0,0.0,0.0,0.014374157413840294,1.7778313159942627,1.0,0.0,0.0,1733474895.1183124,0.5306194199616511,-0.8954999579006472,-1.2202606025956093,1.8193057775497437,-0.08109638839960098
7.844803333282471,0.0,0.0,0.0,0.0,-0.0016364854527637362,1.7655574083328247,1.0,0.0,0.0,1733474895.1282742,0.5367660703716884,-0.9120772499604813,-1.2604188856768475,1.8057873249053955,-0.06940896809101105
7.854318618774414,0.0,0.0,0.0,0.0,-0.018759513273835182,1.7652302980422974,1.0,0.0,0.0,1733474895.1381,0.5401480831521706,-0.9275071652281982,-1.2420563152203663,1.791751503944397,-0.08559036254882812
7.864679336547852,0.0,0.0,0.0,0.0,0.008751125074923038,1.7326592206954956,1.0,0.0,0.0,1733474895.148389,0.5379542398018764,-0.9517223487239845,-1.239958789898244,1.7693840265274048,-0.07635913044214249
7.884265899658203,0.0,0.0,0.0,0.0,-0.033730264753103256,1.711242914199829,1.0,0.0,0.0,1733474895.15824,0.5595937071897051,-0.9625966206092356,-1.2573176358054357,1.7554007768630981,-0.08559753000736237
7.884265899658203,0.0,0.0,0.0,0.0,-0.033730264753103256,1.711242914199829,1.0,0.0,0.0,1733474895.1682863,0.540034579040338,-0.9915709553496597,-1.2137769380024181,1.7484716176986694,-0.0887092649936676
7.894358158111572,0.0,0.0,0.0,0.0,0.0027385251596570015,1.6844879388809204,1.0,0.0,0.0,1733474895.1782308,0.5484562560375706,-0.9913340202520049,-1.2290403954347517,1.738444447517395,-0.08655586838722229
7.904469013214111,0.0,0.0,0.0,0.0,-0.024978453293442726,1.6873141527175903,0.0,0.0,0.0,1733474895.1882472,0.563989518363645,-1.0164829943250455,-1.2125204177185984,1.7143611907958984,-0.08344169706106186
7.914555549621582,0.0,0.0,0.0,0.0,-0.0012387175811454654,1.6819778680801392,0.0,0.0,0.0,1733474895.1981812,0.5567940265882768,-1.0350390531042433,-1.213437407578609,1.7038164138793945,-0.07043607532978058
7.9241743087768555,0.0,0.0,0.0,0.0,-0.012171762064099312,1.6620947122573853,0.0,0.0,0.0,1733474895.2087865,0.5730822521185505,-1.0493390349615936,-1.2022650500542293,1.6870683431625366,-0.07791443914175034
7.93519926071167,0.0,0.0,0.0,0.0,0.004341844003647566,1.6416378021240234,0.0,0.0,0.0,1733474895.2183785,0.5551642642720782,-1.073765625310512,-1.2029482035990142,1.6687216758728027,-0.08912598341703415
7.9452805519104,0.0,0.0,0.0,0.0,-0.009811710566282272,1.6085624694824219,0.0,0.0,0.0,1733474895.228082,0.5595732172681729,-1.0887167096711434,-1.2314889790989627,1.6493444442749023,-0.08509378135204315
7.9540910720825195,0.0,0.0,0.0,0.0,-0.01819867640733719,1.6057891845703125,0.0,0.0,0.0,1733474895.2384005,0.5597069527443861,-1.0998504181799034,-1.2296743019753866,1.6493444442749023,-0.07783573120832443
7.9744768142700195,0.0,0.0,0.0,0.0,0.0009932911489158869,1.5951844453811646,0.0,0.0,0.0,1733474895.2483764,0.5808121160152975,-1.1285060241069127,-1.1989162639696487,1.632004976272583,-0.07509654015302658
7.984187602996826,0.0,0.0,0.0,0.0,-0.02383129857480526,1.575485110282898,0.0,0.0,0.0,1733474895.2581465,0.5855452293129376,-1.1350913420973492,-1.2461348911145507,1.6008132696151733,-0.08186309784650803
7.984187602996826,0.0,0.0,0.0,0.0,-0.02383129857480526,1.575485110282898,0.0,0.0,0.0,1733474895.26865,0.5663856409910121,-1.1492872315143636,-1.2296527964495487,1.6008132696151733,-0.08126100152730942
7.995249271392822,0.0,0.0,0.0,0.0,-0.029871201142668724,1.5434725284576416,0.0,0.0,0.0,1733474895.2782063,0.5765715793710059,-1.1678257947000796,-1.2446222450535542,1.603306770324707,-0.0896894633769989
8.00446891784668,0.0,0.0,0.0,0.0,-0.018656672909855843,1.5649718046188354,0.0,0.0,0.0,1733474895.2883792,0.5912652657693959,-1.1894943629807293,-1.2229363656372672,1.5858012437820435,-0.08784196525812149
8.024429321289062,0.0,0.0,0.0,0.0,-0.0059430464170873165,1.523305058479309,0.0,0.0,0.0,1733474895.2981083,0.5803958899569461,-1.2072773073393446,-1.2012815915632626,1.5496113300323486,-0.07846811413764954
8.024429321289062,0.0,0.0,0.0,0.0,-0.0059430464170873165,1.523305058479309,0.0,0.0,0.0,1733474895.3084214,0.5906970844523791,-1.2039021245826969,-1.2066277753619765,1.5496113300323486,-0.07469417154788971
8.034906387329102,0.0,0.0,0.0,0.0,-0.022411009296774864,1.5244367122650146,0.0,0.0,0.0,1733474895.3185587,0.6042555663455127,-1.2246152326490067,-1.2184605349380424,1.538346529006958,-0.08509751409292221
8.054339408874512,0.0,0.0,0.0,0.0,-0.007734058424830437,1.492821216583252,0.0,0.0,0.0,1733474895.3282886,0.5878260649154079,-1.2425257171621742,-1.2434640119391005,1.5339947938919067,-0.08509751409292221
8.054339408874512,0.0,0.0,0.0,0.0,-0.007734058424830437,1.492821216583252,0.0,0.0,0.0,1733474895.3385234,0.5854925197077272,-1.2582306763260305,-1.2325959808686227,1.4961109161376953,-0.08922621607780457
8.074379920959473,0.0,0.0,0.0,0.0,-0.04905112460255623,1.4464205503463745,0.0,0.0,0.0,1733474895.3482008,0.5891519069509604,-1.2760812842190508,-1.2216976454906463,1.4961109161376953,-0.08633917570114136
8.074379920959473,0.0,0.0,0.0,0.0,-0.04905112460255623,1.4464205503463745,0.0,0.0,0.0,1733474895.358316,0.6090379421332683,-1.2950936679209155,-1.2279220966648208,1.4940979480743408,-0.08907892554998398
8.095590591430664,0.0,0.0,0.0,0.0,-0.03652595728635788,1.405125379562378,0.0,0.0,0.0,1733474895.3686774,0.6149093956683409,-1.3248340988016323,-1.2318861054298516,1.4623171091079712,-0.07281254976987839
8.095590591430664,0.0,0.0,0.0,0.0,-0.03652595728635788,1.405125379562378,0.0,0.0,0.0,1733474895.3781915,0.5924007663938213,-1.3246792744494813,-1.1989587461902047,1.4623171091079712,-0.07281254976987839
8.104290962219238,0.0,0.0,0.0,0.0,-0.00955051276832819,1.4143322706222534,0.0,0.0,0.0,1733474895.3885221,0.6210770102831418,-1.348531029063649,-1.205309561373531,1.446867823600769,-0.0824383869767189
8.114712715148926,0.0,0.0,0.0,0.0,-0.01258854754269123,1.406559944152832,0.0,0.0,0.0,1733474895.398266,0.6242183964206707,-1.3710826558786962,-1.2341121894683138,1.4409031867980957,-0.08069756627082825
8.134251594543457,0.0,0.0,0.0,0.0,-0.01934882625937462,1.3636603355407715,0.0,0.0,0.0,1733474895.408214,0.6091662078960005,-1.364175947777104,-1.1946919907326121,1.4349175691604614,-0.07340098172426224
8.1453218460083,0.0,0.0,0.0,0.0,-0.01857440173625946,1.3446825742721558,0.0,0.0,0.0,1733474895.4185464,0.6098519569851133,-1.3886448984736588,-1.2253221199041857,1.394370198249817,-0.09010135382413864
8.154726028442383,0.0,0.0,0.0,0.0,-0.018156735226511955,1.3458530902862549,0.0,0.0,0.0,1733474895.428193,0.607676778715575,-1.4101206711364074,-1.19940798491206,1.394370198249817,-0.07182516157627106
8.165427207946777,0.0,0.0,0.0,0.0,-0.03382916748523712,1.340896725654602,0.0,0.0,0.0,1733474895.4383821,0.6291855424388424,-1.4211652205633032,-1.2108997936466053,1.3959109783172607,-0.07182516157627106
8.174393653869629,0.0,0.0,0.0,0.0,-0.042452774941921234,1.3185155391693115,0.0,0.0,0.0,1733474895.4481978,0.6317946762181577,-1.4355248722646436,-1.2035790447772918,1.3759714365005493,-0.07591842114925385
8.174393653869629,0.0,0.0,0.0,0.0,-0.042452774941921234,1.3185155391693115,0.0,0.0,0.0,1733474895.4581478,0.6230125473226189,-1.453392041765548,-1.2320405919791142,1.3418046236038208,-0.08210688829421997
8.19541072845459,0.0,0.0,0.0,0.0,-0.04754375293850899,1.311596155166626,0.0,0.0,0.0,1733474895.4684515,0.6424155884491232,-1.4448956741819792,-1.1872151958408736,1.330132246017456,-0.07789947837591171
8.204326629638672,0.0,0.0,0.0,0.0,-0.05963757261633873,1.2689169645309448,0.0,0.0,0.0,1733474895.4782004,0.6261988031695096,-1.4627997527220185,-1.180969864596325,1.3280125856399536,-0.08226628601551056
8.214738845825195,0.0,0.0,0.0,0.0,-0.01932847499847412,1.2675929069519043,0.0,0.0,0.0,1733474895.4883718,0.6470417777264034,-1.4865380636235308,-1.1941813000605872,1.3109484910964966,-0.08634341508150101
8.22440242767334,0.0,0.0,0.0,0.0,-0.024289293214678764,1.2563426494598389,0.0,0.0,0.0,1733474895.4981847,0.6322941258611359,-1.4871145138140025,-1.2233183753501602,1.3008607625961304,-0.0788469985127449
8.234284400939941,0.0,0.0,0.0,0.0,-0.058300986886024475,1.249043583869934,0.0,0.0,0.0,1733474895.508248,0.6302684552299395,-1.5007673023318922,-1.1902610870395074,1.276593804359436,-0.07919888943433762
8.244062423706055,0.0,0.0,0.0,0.0,-0.025277819484472275,1.217937707901001,0.0,0.0,0.0,1733474895.5181055,0.6382296712582951,-1.5305299975485913,-1.2108105560212679,1.276593804359436,-0.07919888943433762
8.244062423706055,0.0,0.0,0.0,0.0,-0.025277819484472275,1.217937707901001,0.0,0.0,0.0,1733474895.5283139,0.6586590273570253,-1.5453955375083188,-1.2225764229285614,1.2672721147537231,-0.07990598678588867
8.25459098815918,0.0,0.0,0.0,0.0,-0.029873693361878395,1.228675365447998,0.0,0.0,0.0,1733474895.53843,0.6456385355497818,-1.5461622888544664,-1.1932903958108703,1.2595926523208618,-0.07444608956575394
8.274285316467285,0.0,0.0,0.0,0.0,-0.02233145944774151,1.2128570079803467,0.0,0.0,0.0,1733474895.5481794,0.6503941991585069,-1.5737099494704778,-1.2274570803191331,1.2422419786453247,-0.07444608956575394
8.274285316467285,0.0,0.0,0.0,0.0,-0.02233145944774151,1.2128570079803467,0.0,0.0,0.0,1733474895.5584712,0.6370861995308258,-1.579903952973901,-1.1754607530920949,1.2271062135696411,-0.07289838045835495
8.285640716552734,0.0,0.0,0.0,0.0,-0.025632333010435104,1.183194875717163,0.0,0.0,0.0,1733474895.568354,0.6418653053737927,-1.604528247491347,-1.2024253704455377,1.2278494834899902,-0.0876418873667717
8.294864654541016,0.0,0.0,0.0,0.0,-0.03740346431732178,1.1805343627929688,0.0,0.0,0.0,1733474895.5782452,0.6553304649162935,-1.6174057215721422,-1.1965311701822043,1.2137492895126343,-0.08059481531381607
8.304350852966309,0.0,0.0,0.0,0.0,-0.028621407225728035,1.1496418714523315,0.0,0.0,0.0,1733474895.5884356,0.665833169847026,-1.602683656300033,-1.1754301089556594,1.1947604417800903,-0.07755429297685623
8.315056800842285,0.0,0.0,0.0,0.0,-0.045214105397462845,1.152633547782898,0.0,0.0,0.0,1733474895.5981932,0.6757043364812201,-1.6328586934690488,-1.2099228099476762,1.1904433965682983,-0.09129134565591812
8.324333190917969,0.0,0.0,0.0,0.0,-0.027214093133807182,1.1270885467529297,0.0,0.0,0.0,1733474895.6084816,0.6639170307779182,-1.6299981760417313,-1.2207385849733754,1.1716901063919067,-0.08837606757879257
8.334758758544922,0.0,0.0,0.0,0.0,-0.04586755484342575,1.1232529878616333,0.0,0.0,0.0,1733474895.618066,0.6641700689346056,-1.642805581227132,-1.163785830277226,1.1530988216400146,-0.0760815367102623
8.354748725891113,0.0,0.0,0.0,0.0,-0.03476253151893616,1.0757752656936646,0.0,0.0,0.0,1733474895.6284945,0.6600557575840833,-1.6547639161335297,-1.216965429978953,1.1530988216400146,-0.08746849000453949
8.354748725891113,0.0,0.0,0.0,0.0,-0.03476253151893616,1.0757752656936646,0.0,0.0,0.0,1733474895.6383567,0.6561234460357892,-1.6827171023516354,-1.2209662327597173,1.1406748294830322,-0.0808027908205986
8.374236106872559,0.0,0.0,0.0,0.0,-0.05100574344396591,1.0698753595352173,0.0,0.0,0.0,1733474895.6481693,0.66932896783261,-1.6805236404016681,-1.211981456821697,1.1084810495376587,-0.08336067944765091
8.385965347290039,0.0,0.0,0.0,0.0,-0.03466343507170677,1.0445454120635986,0.0,0.0,0.0,1733474895.6585011,0.6893423494039301,-1.6985251275444404,-1.1701274655067126,1.1084810495376587,-0.08336067944765091
8.394857406616211,0.0,0.0,0.0,0.0,-0.05589044839143753,1.0490193367004395,0.0,0.0,0.0,1733474895.6681824,0.673289254251659,-1.7134360479696897,-1.1666692031236219,1.0908735990524292,-0.07496467977762222
8.394857406616211,0.0,0.0,0.0,0.0,-0.05589044839143753,1.0490193367004395,0.0,0.0,0.0,1733474895.6782067,0.6776682838066268,-1.7256395302493237,-1.1754276936096046,1.0908735990524292,-0.07496467977762222
8.404508590698242,0.0,0.0,0.0,0.0,-0.03727374225854874,1.0235909223556519,0.0,0.0,0.0,1733474895.6887186,0.6964651613000669,-1.7510500985993085,-1.1968166887636962,1.0647681951522827,-0.07504691928625107
8.41525650024414,0.0,0.0,0.0,0.0,-0.0523851104080677,1.038232445716858,0.0,0.0,0.0,1733474895.6983044,0.6965406364855545,-1.7489244010607625,-1.1770686916174857,1.0615780353546143,-0.08631051331758499
8.424344062805176,0.0,0.0,0.0,0.0,-0.05899983271956444,1.0244070291519165,0.0,0.0,0.0,1733474895.7083404,0.6813159026837036,-1.760274494688342,-1.1797574661583154,1.0424556732177734,-0.07502776384353638
8.446088790893555,0.0,0.0,0.0,0.0,-0.066294826567173,0.9824948906898499,0.0,0.0,0.0,1733474895.718778,0.6836125425303967,-1.7583525091193914,-1.1814186118047887,1.0135456323623657,-0.08712419122457504
8.446088790893555,0.0,0.0,0.0,0.0,-0.066294826567173,0.9824948906898499,0.0,0.0,0.0,1733474895.7281141,0.7021832520321847,-1.788543158504039,-1.2076996853360988,1.0135456323623657,-0.08712419122457504
8.454588890075684,0.0,0.0,0.0,0.0,-0.06748323887586594,0.9819995164871216,0.0,0.0,0.0,1733474895.7382543,0.6892525301767054,-1.785361374917324,-1.209191649622365,1.0041530132293701,-0.09159011393785477
8.464512825012207,0.0,0.0,0.0,0.0,-0.05942339450120926,0.962817907333374,0.0,0.0,0.0,1733474895.748385,0.6928901522205775,-1.809100315774042,-1.1962150594312009,1.0014640092849731,-0.08746316283941269
8.475802421569824,0.0,0.0,0.0,0.0,-0.07579264789819717,0.9353364109992981,0.0,0.0,0.0,1733474895.758544,0.698623109990264,-1.8124795910773845,-1.181923176641219,0.9874041676521301,-0.07852301001548767
8.494791030883789,0.0,0.0,0.0,0.0,-0.05281393975019455,0.9107962250709534,0.0,0.0,0.0,1733474895.7682025,0.6875418925248018,-1.8178645580094512,-1.1941882350361022,0.9598684310913086,-0.07795391976833344
8.494791030883789,0.0,0.0,0.0,0.0,-0.05281393975019455,0.9107962250709534,0.0,0.0,0.0,1733474895.7782526,0.6894372208272488,-1.8284372680764809,-1.180156891890942,0.9598684310913086,-0.07635141164064407
8.504768371582031,0.0,0.0,0.0,0.0,-0.05553579330444336,0.924088180065155,0.0,0.0,0.0,1733474895.7886434,0.7161282924982705,-1.8333792399901738,-1.164014055872255,0.9598760604858398,-0.07453036308288574
8.515608787536621,0.0,0.0,0.0,0.0,-0.0798320323228836,0.8967078328132629,0.0,0.0,0.0,1733474895.798171,0.6934201488022735,-1.8581436056357072,-1.2037855066948406,0.9456831812858582,-0.07870227098464966
8.52444839477539,0.0,0.0,0.0,0.0,-0.07998310029506683,0.880710244178772,0.0,0.0,0.0,1733474895.8083706,0.7191422627270845,-1.8726889853155884,-1.1762647983477463,0.9150969982147217,-0.09367463737726212
8.545267105102539,0.0,0.0,0.0,0.0,-0.0778195708990097,0.8681716322898865,0.0,0.0,0.0,1733474895.8182771,0.7013461474205865,-1.8633594463321042,-1.2075893731380125,0.9150969982147217,-0.09367463737726212
8.554466247558594,0.0,0.0,0.0,0.0,-0.06775956600904465,0.874026894569397,0.0,0.0,0.0,1733474895.8281767,0.7028156109945182,-1.8920763914522114,-1.1757870013540828,0.898510217666626,-0.08158461004495621
8.56457805633545,0.0,0.0,0.0,0.0,-0.0782853215932846,0.8308208584785461,0.0,0.0,0.0,1733474895.8382018,0.7211605320655952,-1.8854282894834693,-1.1896947365443187,0.876477062702179,-0.09022989124059677
8.57447624206543,0.0,0.0,0.0,0.0,-0.045669954270124435,0.8101169466972351,0.0,0.0,0.0,1733474895.8482833,0.7223432230932343,-1.892408294289428,-1.1856057808759293,0.876477062702179,-0.09022989124059677
8.584360122680664,0.0,0.0,0.0,0.0,-0.05797728896141052,0.8159916400909424,0.0,0.0,0.0,1733474895.858192,0.7293314150027941,-1.9070640665436631,-1.180115012662412,0.8441876173019409,-0.08961811661720276
8.59605884552002,0.0,0.0,0.0,0.0,-0.048438750207424164,0.8026097416877747,0.0,0.0,0.0,1733474895.8692257,0.7321657414408138,-1.9116361440339023,-1.1497070517144636,0.8441876173019409,-0.08961811661720276
8.605154991149902,0.0,0.0,0.0,0.0,-0.06464438885450363,0.774983823299408,0.0,0.0,0.0,1733474895.87835,0.7155350135653531,-1.940690055231888,-1.181639121171143,0.8367787599563599,-0.08172842115163803
8.615215301513672,0.0,0.0,0.0,0.0,-0.08357789367437363,0.7642179727554321,0.0,0.0,0.0,1733474895.8883522,0.7177397618200358,-1.92306465015381,-1.1882877003017123,0.8315127491950989,-0.07862085849046707
8.615215301513672,0.0,0.0,0.0,0.0,-0.08357789367437363,0.7642179727554321,0.0,0.0,0.0,1733474895.8980987,0.7378232270377303,-1.9601650609071377,-1.1688344326344753,0.8084313869476318,-0.08116524666547775
8.62416934967041,0.0,0.0,0.0,0.0,-0.07637321949005127,0.770061194896698,0.0,0.0,0.0,1733474895.9083056,0.7236355186794682,-1.9574894124010735,-1.1569166837071614,0.8085559010505676,-0.07946489751338959
8.64497184753418,0.0,0.0,0.0,0.0,-0.06524654477834702,0.7405180335044861,0.0,0.0,0.0,1733474895.9183695,0.7324972956493848,-1.9694071472251622,-1.1651419520585475,0.7943097949028015,-0.0857873186469078
8.654430389404297,0.0,0.0,0.0,0.0,-0.06982019543647766,0.744465172290802,0.0,0.0,0.0,1733474895.9283612,0.7422835974547812,-1.9758239119160186,-1.1491017822404983,0.7829160094261169,-0.0857873186469078
8.654430389404297,0.0,0.0,0.0,0.0,-0.06982019543647766,0.744465172290802,0.0,0.0,0.0,1733474895.9381075,0.723071932880383,-1.9697773783089028,-1.1608122899454718,0.7697425484657288,-0.07868178933858871
8.67446231842041,0.0,0.0,0.0,0.0,-0.07805715501308441,0.7190120220184326,0.0,0.0,0.0,1733474895.9482436,0.7264909423490213,-1.9933293269116326,-1.1954644124177636,0.7390952110290527,-0.09248651564121246
8.684294700622559,0.0,0.0,0.0,0.0,-0.07288005948066711,0.7085134387016296,0.0,0.0,0.0,1733474895.958205,0.7383249059158575,-2.0081068952936194,-1.1569319534344804,0.7390952110290527,-0.07758241146802902
8.6941556930542,0.0,0.0,0.0,0.0,-0.07401610165834427,0.6837972402572632,0.0,0.0,0.0,1733474895.9681616,0.7500957752605204,-1.9910890839187305,-1.1767735698521091,0.7227521538734436,-0.07758241146802902
8.704421043395996,0.0,0.0,0.0,0.0,-0.0650329440832138,0.6723816394805908,0.0,0.0,0.0,1733474895.9782264,0.7378456707232232,-2.0197378034751963,-1.1724818971461897,0.7198963761329651,-0.08343081921339035
8.704421043395996,0.0,0.0,0.0,0.0,-0.0650329440832138,0.6723816394805908,0.0,0.0,0.0,1733474895.988225,0.7439903377922568,-2.0063619400599197,-1.1457377802607864,0.7198963761329651,-0.079523466527462
8.72411060333252,0.0,0.0,0.0,0.0,-0.0742507129907608,0.6663293838500977,0.0,0.0,0.0,1733474895.9980981,0.750880593956737,-2.0134494673879724,-1.1887665491618302,0.6942543983459473,-0.09005435556173325
8.72411060333252,0.0,0.0,0.0,0.0,-0.0742507129907608,0.6663293838500977,0.0,0.0,0.0,1733474896.008667,0.752523415868227,-2.0421329345092802,-1.1906706138524161,0.6844589114189148,-0.0764143243432045
8.735363006591797,0.0,0.0,0.0,0.0,-0.07835369557142258,0.6289122700691223,0.0,0.0,0.0,1733474896.0183947,0.7453356915585281,-2.03930520277765,-1.1448496086949063,0.6863830089569092,-0.0879465714097023
8.745837211608887,0.0,0.0,0.0,0.0,-0.07332298904657364,0.6166295409202576,0.0,0.0,0.0,1733474896.0281343,0.7627353537431099,-2.062934743445633,-1.1880290489448369,0.6710156202316284,-0.09123877435922623
8.75420093536377,0.0,0.0,0.0,0.0,-0.05991564318537712,0.6110944747924805,0.0,0.0,0.0,1733474896.0384688,0.7388611031354151,-2.0668836477983286,-1.1936091517727814,0.6518992781639099,-0.08271646499633789
8.774785995483398,0.0,0.0,0.0,0.0,-0.07392644882202148,0.6119734644889832,0.0,0.0,0.0,1733474896.0484796,0.7460766568605484,-2.0712072616372805,-1.1794216959979291,0.6518992781639099,-0.08271646499633789
8.774785995483398,0.0,0.0,0.0,0.0,-0.07392644882202148,0.6119734644889832,0.0,0.0,0.0,1733474896.0583081,0.7521456174014856,-2.0692228781718343,-1.1430421917506215,0.6365400552749634,-0.08095700293779373
8.784327507019043,0.0,0.0,0.0,0.0,-0.0968783050775528,0.5721014738082886,0.0,0.0,0.0,1733474896.068813,0.7607581957977066,-2.0801924256941935,-1.195135959089499,0.6288898587226868,-0.09512217342853546
8.804703712463379,0.0,0.0,0.0,0.0,-0.08191204071044922,0.5679137110710144,0.0,0.0,0.0,1733474896.078322,0.7539006551317498,-2.092990042240376,-1.1613962091194925,0.5926017165184021,-0.08039194345474243
8.814776420593262,0.0,0.0,0.0,0.0,-0.0968869999051094,0.5259832739830017,0.0,0.0,0.0,1733474896.0882263,0.7670867503239371,-2.104441521015897,-1.168295500692025,0.5926017165184021,-0.08039194345474243
8.814776420593262,0.0,0.0,0.0,0.0,-0.0968869999051094,0.5259832739830017,0.0,0.0,0.0,1733474896.0982497,0.7636120199264262,-2.083870892721304,-1.1697358933016142,0.5913276076316833,-0.08731917291879654
8.835391998291016,0.0,0.0,0.0,0.0,-0.08979795128107071,0.5417714715003967,0.0,0.0,0.0,1733474896.108764,0.7680442154621069,-2.1099109778839336,-1.1788072844560507,0.5531715154647827,-0.09488563239574432
8.845468521118164,0.0,0.0,0.0,0.0,-0.08599180728197098,0.5110923051834106,0.0,0.0,0.0,1733474896.1184752,0.7673547475180771,-2.1015700899184826,-1.1508098785687126,0.5552774667739868,-0.09488563239574432
8.845468521118164,0.0,0.0,0.0,0.0,-0.08599180728197098,0.5110923051834106,0.0,0.0,0.0,1733474896.1284862,0.7715710245959042,-2.1146435407531636,-1.1407935702009506,0.5552774667739868,-0.07676857709884644
8.865743637084961,0.0,0.0,0.0,0.0,-0.10812706500291824,0.5087815523147583,0.0,0.0,0.0,1733474896.1383388,0.7802326197706329,-2.116853062368224,-1.182880383457767,0.5259087085723877,-0.09436003118753433
8.874258995056152,0.0,0.0,0.0,0.0,-0.08703780174255371,0.4920831620693207,0.0,0.0,0.0,1733474896.1482072,0.7663642864115687,-2.126448230160101,-1.1588105792388688,0.5259087085723877,-0.09060955792665482
8.874258995056152,0.0,0.0,0.0,0.0,-0.08703780174255371,0.4920831620693207,0.0,0.0,0.0,1733474896.158566,0.7610015621994957,-2.1359450153279047,-1.1603065677529731,0.5182186365127563,-0.07749152183532715
8.885300636291504,0.0,0.0,0.0,0.0,-0.11031298339366913,0.47371065616607666,0.0,0.0,0.0,1733474896.1687286,0.7563705040436152,-2.137722248543134,-1.1911261544112348,0.5131698250770569,-0.08191005885601044
8.904488563537598,0.0,0.0,0.0,0.0,-0.06937547028064728,0.42898330092430115,0.0,0.0,0.0,1733474896.1782405,0.7696144036854672,-2.1390831186402477,-1.1398567438492526,0.48487356305122375,-0.08144348114728928
8.916145324707031,0.0,0.0,0.0,0.0,-0.08494024723768234,0.41614896059036255,0.0,0.0,0.0,1733474896.1883168,0.7593377100718571,-2.1469551215192846,-1.1400740683390176,0.4869364798069,-0.0955221951007843
8.925084114074707,0.0,0.0,0.0,0.0,-0.09144306927919388,0.4355420172214508,0.0,0.0,0.0,1733474896.1982772,0.7755554883666625,-2.1720827944962005,-1.136701809808127,0.4598309397697449,-0.0822979062795639
8.925084114074707,0.0,0.0,0.0,0.0,-0.09144306927919388,0.4355420172214508,0.0,0.0,0.0,1733474896.2082705,0.7755589824726301,-2.1666360604941146,-1.1447856532037317,0.4598309397697449,-0.0822979062795639
8.93460464477539,0.0,0.0,0.0,0.0,-0.07275117933750153,0.42523354291915894,0.0,0.0,0.0,1733474896.218356,0.7619610815141998,-2.155555964877734,-1.1503250381626,0.4521786570549011,-0.09364859014749527
8.95538330078125,0.0,0.0,0.0,0.0,-0.08193334937095642,0.38566091656684875,0.0,0.0,0.0,1733474896.2283428,0.7848108535698372,-2.160189799048772,-1.1396671303729466,0.4294544458389282,-0.08362740278244019
8.95538330078125,0.0,0.0,0.0,0.0,-0.08193334937095642,0.38566091656684875,0.0,0.0,0.0,1733474896.238248,0.767705259650155,-2.181182804803471,-1.1691784324760615,0.4196690320968628,-0.08504737913608551
8.974323272705078,0.0,0.0,0.0,0.0,-0.10688824206590652,0.3457217216491699,0.0,0.0,0.0,1733474896.2482636,0.7937725527294298,-2.180937937883693,-1.1834324847853908,0.402963250875473,-0.08309122920036316
8.974323272705078,0.0,0.0,0.0,0.0,-0.10688824206590652,0.3457217216491699,0.0,0.0,0.0,1733474896.2582297,0.7721348799366445,-2.175408558873626,-1.1794536805987361,0.402963250875473,-0.08309122920036316
8.984659194946289,0.0,0.0,0.0,0.0,-0.0837867259979248,0.3367387056350708,0.0,0.0,0.0,1733474896.2684948,0.7812150997710581,-2.1849652265609194,-1.150640553866946,0.3845996558666229,-0.09439904987812042
9.004383087158203,0.0,0.0,0.0,0.0,-0.11067309230566025,0.3521274924278259,0.0,0.0,0.0,1733474896.278172,0.794236726063766,-2.1944002645036265,-1.1796304392227834,0.3719854950904846,-0.08546470105648041
9.015080451965332,0.0,0.0,0.0,0.0,-0.10124988108873367,0.33727824687957764,0.0,0.0,0.0,1733474896.2885501,0.7757294305778166,-2.208459451663412,-1.1385231903499278,0.3676636219024658,-0.09242536127567291
9.024483680725098,0.0,0.0,0.0,0.0,-0.10348100960254669,0.3005562424659729,0.0,0.0,0.0,1733474896.2981672,0.785617262628309,-2.215625967703131,-1.1622736487041416,0.3556937575340271,-0.08431712538003922
9.024483680725098,0.0,0.0,0.0,0.0,-0.10348100960254669,0.3005562424659729,0.0,0.0,0.0,1733474896.308301,0.7743034668346328,-2.2111190834525223,-1.1617708827678124,0.3548371195793152,-0.08431712538003922
9.044600486755371,0.0,0.0,0.0,0.0,-0.10551836341619492,0.26814642548561096,0.0,0.0,0.0,1733474896.3185103,0.7778206299237768,-2.2110495374232033,-1.1433916551657033,0.32458117604255676,-0.09716847538948059
9.05483627319336,0.0,0.0,0.0,0.0,-0.10131959617137909,0.2914370894432068,0.0,0.0,0.0,1733474896.3283489,0.7807557652885869,-2.2237310151184926,-1.1606174805306042,0.32458117604255676,-0.09716847538948059
9.05483627319336,0.0,0.0,0.0,0.0,-0.10131959617137909,0.2914370894432068,0.0,0.0,0.0,1733474896.3386357,0.7752477665182744,-2.2330954123714117,-1.1371629868628952,0.3053043484687805,-0.09077955037355423
9.065666198730469,0.0,0.0,0.0,0.0,-0.07968457788228989,0.28127816319465637,0.0,0.0,0.0,1733474896.3482776,0.8024732129753894,-2.2150496419252916,-1.154344347513609,0.3093627989292145,-0.09370317310094833
9.084957122802734,0.0,0.0,0.0,0.0,-0.09561029076576233,0.22268183529376984,0.0,0.0,0.0,1733474896.3583627,0.7949691171594986,-2.2435199166583746,-1.1733059161248582,0.2896921634674072,-0.08396632969379425
9.094963073730469,0.0,0.0,0.0,0.0,-0.10183431208133698,0.23757202923297882,0.0,0.0,0.0,1733474896.3683753,0.787430538826291,-2.2421575445918926,-1.1609899057966502,0.2726307511329651,-0.09441197663545609
9.094963073730469,0.0,0.0,0.0,0.0,-0.10183431208133698,0.23757202923297882,0.0,0.0,0.0,1733474896.3782256,0.7994516227046609,-2.2327720566063354,-1.1650005309886404,0.2726307511329651,-0.09441197663545609
9.104413032531738,0.0,0.0,0.0,0.0,-0.11770649999380112,0.22217653691768646,0.0,0.0,0.0,1733474896.3888633,0.7984275599751951,-2.2299426377511735,-1.1881434800392754,0.25306224822998047,-0.08717478811740875
9.11582088470459,0.0,0.0,0.0,0.0,-0.10524354130029678,0.19352491199970245,0.0,0.0,0.0,1733474896.3981261,0.7932177969985221,-2.2545320451668958,-1.16505827663637,0.2536163330078125,-0.08600030094385147
9.124174118041992,0.0,0.0,0.0,0.0,-0.08837049454450607,0.2204924076795578,0.0,0.0,0.0,1733474896.4085367,0.80342512312586,-2.2449847498088937,-1.1582333982867612,0.24538084864616394,-0.09356551617383957
9.144902229309082,0.0,0.0,0.0,0.0,-0.1258237063884735,0.17965184152126312,0.0,0.0,0.0,1733474896.4183533,0.8056388028920524,-2.2492179123942195,-1.1370448569514395,0.2231026142835617,-0.08556719869375229
9.154393196105957,0.0,0.0,0.0,0.0,-0.12628841400146484,0.1692730337381363,0.0,0.0,0.0,1733474896.4282115,0.7992822689351651,-2.2522543541027296,-1.1329950574634469,0.2068854123353958,-0.08528518676757812
9.154393196105957,0.0,0.0,0.0,0.0,-0.12628841400146484,0.1692730337381363,0.0,0.0,0.0,1733474896.4385138,0.7895784207341112,-2.256367996320664,-1.1437180215615803,0.2068854123353958,-0.08528518676757812
9.165154457092285,0.0,0.0,0.0,0.0,-0.12145897001028061,0.13665109872817993,0.0,0.0,0.0,1733474896.4482245,0.8098175718838845,-2.260006163908324,-1.1321929547777831,0.17692004144191742,-0.09391604363918304
9.184636116027832,0.0,0.0,0.0,0.0,-0.09376942366361618,0.13493938744068146,0.0,0.0,0.0,1733474896.4583468,0.8022112660448483,-2.2656564528734013,-1.1327008262164644,0.17692004144191742,-0.09012152999639511
9.184636116027832,0.0,0.0,0.0,0.0,-0.09376942366361618,0.13493938744068146,0.0,0.0,0.0,1733474896.4683924,0.7881407017172583,-2.249675577938894,-1.175415897381521,0.17100153863430023,-0.09012152999639511
9.195120811462402,0.0,0.0,0.0,0.0,-0.09538957476615906,0.10476399958133698,0.0,0.0,0.0,1733474896.478191,0.8091030134297573,-2.2800882518319026,-1.147713392026906,0.16105180978775024,-0.09576855599880219
9.204346656799316,0.0,0.0,0.0,0.0,-0.11933134496212006,0.1343132108449936,0.0,0.0,0.0,1733474896.4884977,0.7948626869405792,-2.2814304906151537,-1.1599316003127587,0.15359389781951904,-0.08936506509780884
9.215388298034668,0.0,0.0,0.0,0.0,-0.12682868540287018,0.11097157746553421,0.0,0.0,0.0,1733474896.4981282,0.8001800135751513,-2.257497202816724,-1.159509453292784,0.14990374445915222,-0.0906064435839653
9.2241849899292,0.0,0.0,0.0,0.0,-0.13406679034233093,0.11445406824350357,0.0,0.0,0.0,1733474896.5082471,0.7858865955703602,-2.259226366307345,-1.1650389929293952,0.12373173981904984,-0.09377062320709229
9.245521545410156,0.0,0.0,0.0,0.0,-0.12887294590473175,0.07073965668678284,0.0,0.0,0.0,1733474896.5183775,0.7895066679683695,-2.2651179856690296,-1.1384395204388416,0.11792440712451935,-0.08448119461536407
9.245521545410156,0.0,0.0,0.0,0.0,-0.12887294590473175,0.07073965668678284,0.0,0.0,0.0,1733474896.5282698,0.8001888171779098,-2.2704311439739775,-1.176309277473856,0.1168009415268898,-0.09486573189496994
9.254558563232422,0.0,0.0,0.0,0.0,-0.13674713671207428,0.06545321643352509,0.0,0.0,0.0,1733474896.5382323,0.8151705567840165,-2.281485604873885,-1.1351054858534992,0.0925169587135315,-0.08416958153247833
9.264463424682617,0.0,0.0,0.0,0.0,-0.10477970540523529,0.05727867782115936,0.0,0.0,0.0,1733474896.548366,0.7993126664890888,-2.2895353473544113,-1.1777630860624606,0.09658183157444,-0.09249412268400192
9.275138854980469,0.0,0.0,0.0,0.0,-0.13393186032772064,0.05358876660466194,0.0,0.0,0.0,1733474896.558204,0.8159676746208793,-2.279063518248739,-1.1712646091334287,0.06920882314443588,-0.08654160797595978
9.294734954833984,0.0,0.0,0.0,0.0,-0.1277928352355957,0.02960963360965252,0.0,0.0,0.0,1733474896.5683172,0.8067990538729869,-2.281623744328827,-1.1635973712357246,0.06272345036268234,-0.08220168203115463
9.304601669311523,0.0,0.0,0.0,0.0,-0.11160392314195633,0.013457972556352615,0.0,0.0,0.0,1733474896.578219,0.803355872353684,-2.273704564320494,-1.1293335737283576,0.06272345036268234,-0.08894076943397522
9.304601669311523,0.0,0.0,0.0,0.0,-0.11160392314195633,0.013457972556352615,0.0,0.0,0.0,1733474896.5882797,0.8112755804339996,-2.2966059865388218,-1.1588454952504474,0.047929950058460236,-0.08894076943397522
9.31493091583252,0.0,0.0,0.0,0.0,-0.10714743286371231,-0.01153821311891079,0.0,0.0,0.0,1733474896.5980933,0.8028481559432311,-2.2820392274404795,-1.1600060553312554,0.03284697234630585,-0.09676853567361832
9.32412052154541,0.0,0.0,0.0,0.0,-0.10876636952161789,-0.008543170988559723,0.0,0.0,0.0,1733474896.6082737,0.8092570343437449,-2.3005921345353637,-1.1458036616098615,0.03232267498970032,-0.0795341432094574
9.334460258483887,0.0,0.0,0.0,0.0,-0.1385687291622162,-0.011521285399794579,0.0,0.0,0.0,1733474896.6184602,0.8129832076486422,-2.2932915663785756,-1.175146831839045,0.011614944785833359,-0.09269149601459503
9.345785140991211,0.0,0.0,0.0,0.0,-0.1355295181274414,-0.032127682119607925,0.0,0.0,0.0,1733474896.6281395,0.8130739138999044,-2.285225905732231,-1.1834512685875376,0.018961435183882713,-0.08995191752910614
9.354228019714355,0.0,0.0,0.0,0.0,-0.13006369769573212,-0.05139463394880295,0.0,0.0,0.0,1733474896.6383817,0.7903262036222432,-2.295461485365972,-1.1335418415543885,9.126856457442045e-05,-0.09176301956176758
9.364983558654785,0.0,0.0,0.0,0.0,-0.11540361493825912,-0.057535797357559204,0.0,0.0,0.0,1733474896.6483972,0.8188798890196731,-2.298828844651214,-1.1382296406670678,-0.013868755660951138,-0.09529798477888107
9.384300231933594,0.0,0.0,0.0,0.0,-0.13588093221187592,-0.07850667089223862,0.0,0.0,0.0,1733474896.6581569,0.7900434033277253,-2.288520258760192,-1.143173212043055,-0.024864286184310913,-0.09510393440723419
9.384300231933594,0.0,0.0,0.0,0.0,-0.13588093221187592,-0.07850667089223862,0.0,0.0,0.0,1733474896.6682963,0.8029473760463858,-2.294928049051036,-1.132342227696181,-0.024864286184310913,-0.09510393440723419
